{
	"Translation": {
		"$schema": "https://json-schema.org/draft/2020-12/schema",
		"type": "array",
		"items": [
			{
				"type": "object",
				"properties": {
					"VariableName": { "type": "string" },
					"Value": { "type": "string" },
					"NewValue": { "type": "string" }, 
					"ConditionalVariableName": { "type": "string" },
					"ConditionalValue": { "type": "string" }
				},
				"required": [
					"VariableName", 
					"Value", 
					"NewValue"
				]
			}
		]
	}
}
