<?xml version="1.0" encoding="UTF-8"?><Landingsdata xmlns="http://www.imr.no/formats/landinger/v2"><Seddellinje Dokumentnummer="700010845588" Linjenummer="5" Art_kode="1038" Registreringsmerke_seddel="F 0184M" Fangstår="2018" SisteFangstdato="10.04.2018" Redskap_kode="53" Hovedområde_kode="37" Lokasjon_kode="09" StørsteLengde="61.7500" Fartøynasjonalitet_kode="NOR" KystHav_kode="0"><Dokumenttype_Kode>0</Dokumenttype_Kode><Dokumenttype_Bokmål>Sluttseddeldokument</Dokumenttype_Bokmål><DokumentVersjonsnummer>2</DokumentVersjonsnummer><DokumentFormulardato>11.04.2018</DokumentFormulardato><DokumentElektroniskDato>12.04.2018 06:13:32</DokumentElektroniskDato><Salgslagdata><SalgslagID>938469148</SalgslagID><Salgslag>Norges Råfisklag</Salgslag><Salgslag_kode>07</Salgslag_kode></Salgslagdata><Mottaker><Mottakernasjonalitet_kode>NOR</Mottakernasjonalitet_kode><Mottakernasjonalitet_bokmål>NORGE</Mottakernasjonalitet_bokmål><Mottaksstasjon>N1036</Mottaksstasjon></Mottaker><Produksjon><Landingsdato>11.04.2018</Landingsdato><Landingsklokkeslett>1149</Landingsklokkeslett><Landingskommune_kode>1835</Landingskommune_kode><Landingskommune>TRÆNA</Landingskommune><Landingsfylke_kode>18</Landingsfylke_kode><Landingsfylke>Nordland</Landingsfylke><Landingsnasjon_kode>NOR</Landingsnasjon_kode><Landingsnasjon_bokmål>NORGE</Landingsnasjon_bokmål><Produksjonsanlegg>N1036</Produksjonsanlegg><Produksjonskommune_kode>1835</Produksjonskommune_kode><Produksjonskommune>TRÆNA</Produksjonskommune></Produksjon><Fangstdata><Fangstfelt_kode>03709</Fangstfelt_kode><Hovedområde_bokmål>Østlige Norskehav</Hovedområde_bokmål><Sone_kode>NOR</Sone_kode><Sone_bokmål>Norges økonomiske sone</Sone_bokmål><Områdegruppering_bokmål>ICES-underavsnitt IIa2</Områdegruppering_bokmål><HovedområdeFAO_kode>27</HovedområdeFAO_kode><HovedområdeFAO_bokmål>Nordøstlige Atlanterhav</HovedområdeFAO_bokmål><NordSørFor62GraderNord>Nord for 62°N</NordSørFor62GraderNord></Fangstdata><Fisker><Fiskerkommune_kode>2018</Fiskerkommune_kode><Fiskerkommune>MÅSØY</Fiskerkommune><Fiskernasjonalitet_kode>NOR</Fiskernasjonalitet_kode><Fiskernasjonalitet_bokmål>NORGE</Fiskernasjonalitet_bokmål></Fisker><Fartøy><Fartøynavn>INGRID MAJALA</Fartøynavn><FartøyID>1999003323</FartøyID><Radiokallesignal_seddel>LJZO</Radiokallesignal_seddel><Lengdegruppe_kode>5</Lengdegruppe_kode><Lengdegruppe_bokmål>28 m og over</Lengdegruppe_bokmål><Bruttotonnasje1969>1192</Bruttotonnasje1969><Byggeår>1999</Byggeår><Motorkraft>3750</Motorkraft><Motorbyggeår>1999</Motorbyggeår><FartøyGjelderFraDato>01.01.2018</FartøyGjelderFraDato><FartøyGjelderTilDato>05.10.2018 01:00:21</FartøyGjelderTilDato><Fartøytype_kode>01</Fartøytype_kode><Fartøytype_bokmål>Fiskefartøy</Fartøytype_bokmål><Fartøykommune_kode>2018</Fartøykommune_kode><Fartøykommune>MÅSØY</Fartøykommune><Fartøyfylke_kode>20</Fartøyfylke_kode><Fartøyfylke>Finnmark</Fartøyfylke><Fartøynasjonalitet_bokmål>NORGE</Fartøynasjonalitet_bokmål></Fartøy><Mottakendefartøy></Mottakendefartøy><Kvote><Kvotetype_kode>01</Kvotetype_kode><Kvotetype_bokmål>Vanlig kvote</Kvotetype_bokmål></Kvote><Redskap><Redskap_bokmål>Flytetrål</Redskap_bokmål></Redskap><Dellanding><Dellanding_signal>0</Dellanding_signal></Dellanding><Produkt><Produkttilstand_kode>110</Produkttilstand_kode><Produkttilstand_bokmål>Rund</Produkttilstand_bokmål><Konserveringsmåte_kode>02</Konserveringsmåte_kode><Konserveringsmåte_bokmål>Fersk/ukonservert</Konserveringsmåte_bokmål><Landingsmåte_kode>99</Landingsmåte_kode><Landingsmåte_bokmål>Uspesifisert</Landingsmåte_bokmål><Kvalitet_kode>20</Kvalitet_kode><Kvalitet_bokmål>A</Kvalitet_bokmål><Størrelsesgruppering_kode>3000000</Størrelsesgruppering_kode><Anvendelse_kode>100</Anvendelse_kode><Anvendelse_bokmål>Fersk (konsum)</Anvendelse_bokmål><HovedgruppeAnvendelse_kode>1</HovedgruppeAnvendelse_kode><HovedgruppeAnvendelse_bokmål>Konsum</HovedgruppeAnvendelse_bokmål><Bruttovekt>3836.000</Bruttovekt><Produktvekt>3836.000</Produktvekt><Rundvekt>3836.000</Rundvekt></Produkt><Art><Art_bokmål>Kolmule</Art_bokmål><ArtFAO_kode>WHB</ArtFAO_kode><ArtFAO_bokmål>Kolmule</ArtFAO_bokmål></Art></Seddellinje>
<Seddellinje Dokumentnummer="700010843977" Linjenummer="5" Art_kode="1038" Registreringsmerke_seddel="F 0184M" Fangstår="2018" SisteFangstdato="08.04.2018" Redskap_kode="53" Hovedområde_kode="37" Lokasjon_kode="09" StørsteLengde="61.7500" Fartøynasjonalitet_kode="NOR" KystHav_kode="0"><Dokumenttype_Kode>0</Dokumenttype_Kode><Dokumenttype_Bokmål>Sluttseddeldokument</Dokumenttype_Bokmål><DokumentVersjonsnummer>1</DokumentVersjonsnummer><DokumentFormulardato>09.04.2018</DokumentFormulardato><DokumentElektroniskDato>09.04.2018 14:05:19</DokumentElektroniskDato><Salgslagdata><SalgslagID>938469148</SalgslagID><Salgslag>Norges Råfisklag</Salgslag><Salgslag_kode>07</Salgslag_kode></Salgslagdata><Mottaker><Mottakernasjonalitet_kode>NOR</Mottakernasjonalitet_kode><Mottakernasjonalitet_bokmål>NORGE</Mottakernasjonalitet_bokmål><Mottaksstasjon>N1036</Mottaksstasjon></Mottaker><Produksjon><Landingsdato>09.04.2018</Landingsdato><Landingsklokkeslett>1340</Landingsklokkeslett><Landingskommune_kode>1835</Landingskommune_kode><Landingskommune>TRÆNA</Landingskommune><Landingsfylke_kode>18</Landingsfylke_kode><Landingsfylke>Nordland</Landingsfylke><Landingsnasjon_kode>NOR</Landingsnasjon_kode><Landingsnasjon_bokmål>NORGE</Landingsnasjon_bokmål><Produksjonsanlegg>N1036</Produksjonsanlegg><Produksjonskommune_kode>1835</Produksjonskommune_kode><Produksjonskommune>TRÆNA</Produksjonskommune></Produksjon><Fangstdata><Fangstfelt_kode>03709</Fangstfelt_kode><Hovedområde_bokmål>Østlige Norskehav</Hovedområde_bokmål><Sone_kode>NOR</Sone_kode><Sone_bokmål>Norges økonomiske sone</Sone_bokmål><Områdegruppering_bokmål>ICES-underavsnitt IIa2</Områdegruppering_bokmål><HovedområdeFAO_kode>27</HovedområdeFAO_kode><HovedområdeFAO_bokmål>Nordøstlige Atlanterhav</HovedområdeFAO_bokmål><NordSørFor62GraderNord>Nord for 62°N</NordSørFor62GraderNord></Fangstdata><Fisker><Fiskernasjonalitet_kode>NOR</Fiskernasjonalitet_kode><Fiskernasjonalitet_bokmål>NORGE</Fiskernasjonalitet_bokmål></Fisker><Fartøy><Fartøynavn>INGRID MAJALA</Fartøynavn><FartøyID>1999003323</FartøyID><Radiokallesignal_seddel>LJZO</Radiokallesignal_seddel><Lengdegruppe_kode>5</Lengdegruppe_kode><Lengdegruppe_bokmål>28 m og over</Lengdegruppe_bokmål><Bruttotonnasje1969>1192</Bruttotonnasje1969><Byggeår>1999</Byggeår><Motorkraft>3750</Motorkraft><Motorbyggeår>1999</Motorbyggeår><FartøyGjelderFraDato>01.01.2018</FartøyGjelderFraDato><FartøyGjelderTilDato>05.10.2018 01:00:21</FartøyGjelderTilDato><Fartøytype_kode>01</Fartøytype_kode><Fartøytype_bokmål>Fiskefartøy</Fartøytype_bokmål><Fartøykommune_kode>2018</Fartøykommune_kode><Fartøykommune>MÅSØY</Fartøykommune><Fartøyfylke_kode>20</Fartøyfylke_kode><Fartøyfylke>Finnmark</Fartøyfylke><Fartøynasjonalitet_bokmål>NORGE</Fartøynasjonalitet_bokmål></Fartøy><Mottakendefartøy></Mottakendefartøy><Kvote><Kvotetype_kode>01</Kvotetype_kode><Kvotetype_bokmål>Vanlig kvote</Kvotetype_bokmål></Kvote><Redskap><Redskap_bokmål>Flytetrål</Redskap_bokmål></Redskap><Dellanding><Dellanding_signal>0</Dellanding_signal></Dellanding><Produkt><Produkttilstand_kode>110</Produkttilstand_kode><Produkttilstand_bokmål>Rund</Produkttilstand_bokmål><Konserveringsmåte_kode>02</Konserveringsmåte_kode><Konserveringsmåte_bokmål>Fersk/ukonservert</Konserveringsmåte_bokmål><Landingsmåte_kode>99</Landingsmåte_kode><Landingsmåte_bokmål>Uspesifisert</Landingsmåte_bokmål><Kvalitet_kode>20</Kvalitet_kode><Kvalitet_bokmål>A</Kvalitet_bokmål><Størrelsesgruppering_kode>3000000</Størrelsesgruppering_kode><Anvendelse_kode>100</Anvendelse_kode><Anvendelse_bokmål>Fersk (konsum)</Anvendelse_bokmål><HovedgruppeAnvendelse_kode>1</HovedgruppeAnvendelse_kode><HovedgruppeAnvendelse_bokmål>Konsum</HovedgruppeAnvendelse_bokmål><Bruttovekt>22165.000</Bruttovekt><Produktvekt>22165.000</Produktvekt><Rundvekt>22165.000</Rundvekt></Produkt><Art><Art_bokmål>Kolmule</Art_bokmål><ArtFAO_kode>WHB</ArtFAO_kode><ArtFAO_bokmål>Kolmule</ArtFAO_bokmål></Art></Seddellinje>
<Seddellinje Dokumentnummer="700010850856" Linjenummer="5" Art_kode="1038" Registreringsmerke_seddel="F 0184M" Fangstår="2018" SisteFangstdato="14.04.2018" Redskap_kode="53" Hovedområde_kode="37" Lokasjon_kode="03" StørsteLengde="61.7500" Fartøynasjonalitet_kode="NOR" KystHav_kode="0"><Dokumenttype_Kode>0</Dokumenttype_Kode><Dokumenttype_Bokmål>Sluttseddeldokument</Dokumenttype_Bokmål><DokumentVersjonsnummer>2</DokumentVersjonsnummer><DokumentFormulardato>16.04.2018</DokumentFormulardato><DokumentElektroniskDato>17.04.2018 06:24:54</DokumentElektroniskDato><Salgslagdata><SalgslagID>938469148</SalgslagID><Salgslag>Norges Råfisklag</Salgslag><Salgslag_kode>07</Salgslag_kode></Salgslagdata><Mottaker><Mottakernasjonalitet_kode>NOR</Mottakernasjonalitet_kode><Mottakernasjonalitet_bokmål>NORGE</Mottakernasjonalitet_bokmål><Mottaksstasjon>N1036</Mottaksstasjon></Mottaker><Produksjon><Landingsdato>16.04.2018</Landingsdato><Landingsklokkeslett>1713</Landingsklokkeslett><Landingskommune_kode>1835</Landingskommune_kode><Landingskommune>TRÆNA</Landingskommune><Landingsfylke_kode>18</Landingsfylke_kode><Landingsfylke>Nordland</Landingsfylke><Landingsnasjon_kode>NOR</Landingsnasjon_kode><Landingsnasjon_bokmål>NORGE</Landingsnasjon_bokmål><Produksjonsanlegg>N1036</Produksjonsanlegg><Produksjonskommune_kode>1835</Produksjonskommune_kode><Produksjonskommune>TRÆNA</Produksjonskommune></Produksjon><Fangstdata><Fangstfelt_kode>03703</Fangstfelt_kode><Hovedområde_bokmål>Østlige Norskehav</Hovedområde_bokmål><Sone_kode>NOR</Sone_kode><Sone_bokmål>Norges økonomiske sone</Sone_bokmål><Områdegruppering_bokmål>ICES-underavsnitt IIa2</Områdegruppering_bokmål><HovedområdeFAO_kode>27</HovedområdeFAO_kode><HovedområdeFAO_bokmål>Nordøstlige Atlanterhav</HovedområdeFAO_bokmål><NordSørFor62GraderNord>Nord for 62°N</NordSørFor62GraderNord></Fangstdata><Fisker><Fiskerkommune_kode>2018</Fiskerkommune_kode><Fiskerkommune>MÅSØY</Fiskerkommune><Fiskernasjonalitet_kode>NOR</Fiskernasjonalitet_kode><Fiskernasjonalitet_bokmål>NORGE</Fiskernasjonalitet_bokmål></Fisker><Fartøy><Fartøynavn>INGRID MAJALA</Fartøynavn><FartøyID>1999003323</FartøyID><Radiokallesignal_seddel>LJZO</Radiokallesignal_seddel><Lengdegruppe_kode>5</Lengdegruppe_kode><Lengdegruppe_bokmål>28 m og over</Lengdegruppe_bokmål><Bruttotonnasje1969>1192</Bruttotonnasje1969><Byggeår>1999</Byggeår><Motorkraft>3750</Motorkraft><Motorbyggeår>1999</Motorbyggeår><FartøyGjelderFraDato>01.01.2018</FartøyGjelderFraDato><FartøyGjelderTilDato>05.10.2018 01:00:21</FartøyGjelderTilDato><Fartøytype_kode>01</Fartøytype_kode><Fartøytype_bokmål>Fiskefartøy</Fartøytype_bokmål><Fartøykommune_kode>2018</Fartøykommune_kode><Fartøykommune>MÅSØY</Fartøykommune><Fartøyfylke_kode>20</Fartøyfylke_kode><Fartøyfylke>Finnmark</Fartøyfylke><Fartøynasjonalitet_bokmål>NORGE</Fartøynasjonalitet_bokmål></Fartøy><Mottakendefartøy></Mottakendefartøy><Kvote><Kvotetype_kode>01</Kvotetype_kode><Kvotetype_bokmål>Vanlig kvote</Kvotetype_bokmål></Kvote><Redskap><Redskap_bokmål>Flytetrål</Redskap_bokmål></Redskap><Dellanding><Dellanding_signal>0</Dellanding_signal></Dellanding><Produkt><Produkttilstand_kode>110</Produkttilstand_kode><Produkttilstand_bokmål>Rund</Produkttilstand_bokmål><Konserveringsmåte_kode>02</Konserveringsmåte_kode><Konserveringsmåte_bokmål>Fersk/ukonservert</Konserveringsmåte_bokmål><Landingsmåte_kode>99</Landingsmåte_kode><Landingsmåte_bokmål>Uspesifisert</Landingsmåte_bokmål><Kvalitet_kode>20</Kvalitet_kode><Kvalitet_bokmål>A</Kvalitet_bokmål><Størrelsesgruppering_kode>3000000</Størrelsesgruppering_kode><Anvendelse_kode>100</Anvendelse_kode><Anvendelse_bokmål>Fersk (konsum)</Anvendelse_bokmål><HovedgruppeAnvendelse_kode>1</HovedgruppeAnvendelse_kode><HovedgruppeAnvendelse_bokmål>Konsum</HovedgruppeAnvendelse_bokmål><Bruttovekt>23538.000</Bruttovekt><Produktvekt>23538.000</Produktvekt><Rundvekt>23538.000</Rundvekt></Produkt><Art><Art_bokmål>Kolmule</Art_bokmål><ArtFAO_kode>WHB</ArtFAO_kode><ArtFAO_bokmål>Kolmule</ArtFAO_bokmål></Art></Seddellinje>
<Seddellinje Dokumentnummer="800001548286" Linjenummer="1" Art_kode="1038" Registreringsmerke_seddel="FD125" Fangstår="2018" SisteFangstdato="17.05.2018" Redskap_kode="53" Hovedområde_kode="58" Lokasjon_kode="06" Fartøynasjonalitet_kode="FRO" KystHav_kode="0"><Dokumenttype_Kode>0</Dokumenttype_Kode><Dokumenttype_Bokmål>Sluttseddeldokument</Dokumenttype_Bokmål><DokumentVersjonsnummer>3</DokumentVersjonsnummer><DokumentFormulardato>21.05.2018</DokumentFormulardato><DokumentElektroniskDato>29.05.2018 11:10:23</DokumentElektroniskDato><Salgslagdata><SalgslagID>951206091</SalgslagID><Salgslag>Norges Sildesalgslag</Salgslag><Salgslag_kode>08</Salgslag_kode></Salgslagdata><Mottaker><Mottakernasjonalitet_kode>NOR</Mottakernasjonalitet_kode><Mottakernasjonalitet_bokmål>NORGE</Mottakernasjonalitet_bokmål><Mottaksstasjon>400036</Mottaksstasjon></Mottaker><Produksjon><Landingsdato>21.05.2018</Landingsdato><Landingsklokkeslett>0045</Landingsklokkeslett><Landingskommune_kode>1439</Landingskommune_kode><Landingskommune>VÅGSØY</Landingskommune><Landingsfylke_kode>14</Landingsfylke_kode><Landingsfylke>Sogn og Fjordane</Landingsfylke><Landingsnasjon_kode>NOR</Landingsnasjon_kode><Landingsnasjon_bokmål>NORGE</Landingsnasjon_bokmål></Produksjon><Fangstdata><Fangstfelt_kode>05806</Fangstfelt_kode><Hovedområde_bokmål>Færøybanken</Hovedområde_bokmål><Sone_kode>FRO</Sone_kode><Sone_bokmål>Færøyenes økonomiske sone</Sone_bokmål><Områdegruppering_bokmål>ICES-underavsnitt Vb2</Områdegruppering_bokmål><HovedområdeFAO_kode>27</HovedområdeFAO_kode><HovedområdeFAO_bokmål>Nordøstlige Atlanterhav</HovedområdeFAO_bokmål><NordSørFor62GraderNord>Annet</NordSørFor62GraderNord><Fangstdagbok_nummer>0</Fangstdagbok_nummer><Fangstdagbok_turnummer>0</Fangstdagbok_turnummer></Fangstdata><Fisker><Fiskernasjonalitet_kode>FRO</Fiskernasjonalitet_kode><Fiskernasjonalitet_bokmål>FÆRØYENE</Fiskernasjonalitet_bokmål></Fisker><Fartøy><Radiokallesignal_seddel>XPKF</Radiokallesignal_seddel><Fartøytype_kode>01</Fartøytype_kode><Fartøytype_bokmål>Fiskefartøy</Fartøytype_bokmål><Fartøynasjonalitet_bokmål>FÆRØYENE</Fartøynasjonalitet_bokmål></Fartøy><Mottakendefartøy></Mottakendefartøy><Kvote><KvotefartøyRegMerke>FD125</KvotefartøyRegMerke><Kvotetype_kode>04</Kvotetype_kode><Kvotetype_bokmål>Annet lands kvote</Kvotetype_bokmål></Kvote><Redskap><Redskap_bokmål>Flytetrål</Redskap_bokmål></Redskap><Dellanding><Dellanding_signal>0</Dellanding_signal></Dellanding><Produkt><Produkttilstand_kode>110</Produkttilstand_kode><Produkttilstand_bokmål>Rund</Produkttilstand_bokmål><Konserveringsmåte_kode>22</Konserveringsmåte_kode><Konserveringsmåte_bokmål>Rfw og syre</Konserveringsmåte_bokmål><Landingsmåte_kode>03</Landingsmåte_kode><Landingsmåte_bokmål>tank / båt</Landingsmåte_bokmål><Kvalitet_kode>99</Kvalitet_kode><Kvalitet_bokmål>Uspesifisert</Kvalitet_bokmål><Størrelsesgruppering_kode>3000000</Størrelsesgruppering_kode><Anvendelse_kode>800</Anvendelse_kode><Anvendelse_bokmål>Mel og olje</Anvendelse_bokmål><HovedgruppeAnvendelse_kode>2</HovedgruppeAnvendelse_kode><HovedgruppeAnvendelse_bokmål>Mel og olje</HovedgruppeAnvendelse_bokmål><AntallStykk>0</AntallStykk><Bruttovekt>1595302.000</Bruttovekt><Produktvekt>1595302.000</Produktvekt><Rundvekt>1595302.000</Rundvekt></Produkt><Art><Art_bokmål>Kolmule</Art_bokmål><ArtFAO_kode>WHB</ArtFAO_kode><ArtFAO_bokmål>Kolmule</ArtFAO_bokmål></Art></Seddellinje>
<Seddellinje Dokumentnummer="800001548307" Linjenummer="1" Art_kode="1038" Registreringsmerke_seddel="FD175" Fangstår="2018" SisteFangstdato="20.05.2018" Redskap_kode="53" Hovedområde_kode="31" Lokasjon_kode="07" Fartøynasjonalitet_kode="FRO" KystHav_kode="0"><Dokumenttype_Kode>0</Dokumenttype_Kode><Dokumenttype_Bokmål>Sluttseddeldokument</Dokumenttype_Bokmål><DokumentVersjonsnummer>3</DokumentVersjonsnummer><DokumentFormulardato>22.05.2018</DokumentFormulardato><DokumentElektroniskDato>04.06.2018 08:50:25</DokumentElektroniskDato><Salgslagdata><SalgslagID>951206091</SalgslagID><Salgslag>Norges Sildesalgslag</Salgslag><Salgslag_kode>08</Salgslag_kode></Salgslagdata><Mottaker><Mottakernasjonalitet_kode>NOR</Mottakernasjonalitet_kode><Mottakernasjonalitet_bokmål>NORGE</Mottakernasjonalitet_bokmål><Mottaksstasjon>M43</Mottaksstasjon></Mottaker><Produksjon><Landingsdato>22.05.2018</Landingsdato><Landingsklokkeslett>0720</Landingsklokkeslett><Landingskommune_kode>1504</Landingskommune_kode><Landingskommune>ÅLESUND</Landingskommune><Landingsfylke_kode>15</Landingsfylke_kode><Landingsfylke>Møre og Romsdal</Landingsfylke><Landingsnasjon_kode>NOR</Landingsnasjon_kode><Landingsnasjon_bokmål>NORGE</Landingsnasjon_bokmål></Produksjon><Fangstdata><Fangstfelt_kode>03107</Fangstfelt_kode><Hovedområde_bokmål>Øst av Færøyene</Hovedområde_bokmål><Sone_kode>FRO</Sone_kode><Sone_bokmål>Færøyenes økonomiske sone</Sone_bokmål><Områdegruppering_bokmål>ICES-underavsnitt Vb1b</Områdegruppering_bokmål><HovedområdeFAO_kode>27</HovedområdeFAO_kode><HovedområdeFAO_bokmål>Nordøstlige Atlanterhav</HovedområdeFAO_bokmål><NordSørFor62GraderNord>Annet</NordSørFor62GraderNord><Fangstdagbok_nummer>18066</Fangstdagbok_nummer><Fangstdagbok_turnummer>0</Fangstdagbok_turnummer></Fangstdata><Fisker><Fiskernasjonalitet_kode>FRO</Fiskernasjonalitet_kode><Fiskernasjonalitet_bokmål>FÆRØYENE</Fiskernasjonalitet_bokmål></Fisker><Fartøy><Radiokallesignal_seddel>XPXM</Radiokallesignal_seddel><Fartøytype_kode>01</Fartøytype_kode><Fartøytype_bokmål>Fiskefartøy</Fartøytype_bokmål><Fartøynasjonalitet_bokmål>FÆRØYENE</Fartøynasjonalitet_bokmål></Fartøy><Mottakendefartøy></Mottakendefartøy><Kvote><KvotefartøyRegMerke>FD175</KvotefartøyRegMerke><Kvotetype_kode>04</Kvotetype_kode><Kvotetype_bokmål>Annet lands kvote</Kvotetype_bokmål></Kvote><Redskap><Redskap_bokmål>Flytetrål</Redskap_bokmål></Redskap><Dellanding><Dellanding_signal>0</Dellanding_signal></Dellanding><Produkt><Produkttilstand_kode>110</Produkttilstand_kode><Produkttilstand_bokmål>Rund</Produkttilstand_bokmål><Konserveringsmåte_kode>22</Konserveringsmåte_kode><Konserveringsmåte_bokmål>Rfw og syre</Konserveringsmåte_bokmål><Landingsmåte_kode>03</Landingsmåte_kode><Landingsmåte_bokmål>tank / båt</Landingsmåte_bokmål><Kvalitet_kode>99</Kvalitet_kode><Kvalitet_bokmål>Uspesifisert</Kvalitet_bokmål><Størrelsesgruppering_kode>3000000</Størrelsesgruppering_kode><Anvendelse_kode>800</Anvendelse_kode><Anvendelse_bokmål>Mel og olje</Anvendelse_bokmål><HovedgruppeAnvendelse_kode>2</HovedgruppeAnvendelse_kode><HovedgruppeAnvendelse_bokmål>Mel og olje</HovedgruppeAnvendelse_bokmål><AntallStykk>0</AntallStykk><Bruttovekt>2633336.000</Bruttovekt><Produktvekt>2633336.000</Produktvekt><Rundvekt>2633336.000</Rundvekt></Produkt><Art><Art_bokmål>Kolmule</Art_bokmål><ArtFAO_kode>WHB</ArtFAO_kode><ArtFAO_bokmål>Kolmule</ArtFAO_bokmål></Art></Seddellinje>
<Seddellinje Dokumentnummer="800001548169" Linjenummer="1" Art_kode="1038" Registreringsmerke_seddel="FD175" Fangstår="2018" SisteFangstdato="03.05.2018" Redskap_kode="53" Hovedområde_kode="31" Lokasjon_kode="02" Fartøynasjonalitet_kode="FRO" KystHav_kode="0"><Dokumenttype_Kode>0</Dokumenttype_Kode><Dokumenttype_Bokmål>Sluttseddeldokument</Dokumenttype_Bokmål><DokumentVersjonsnummer>3</DokumentVersjonsnummer><DokumentFormulardato>06.05.2018</DokumentFormulardato><DokumentElektroniskDato>15.05.2018 07:28:17</DokumentElektroniskDato><Salgslagdata><SalgslagID>951206091</SalgslagID><Salgslag>Norges Sildesalgslag</Salgslag><Salgslag_kode>08</Salgslag_kode></Salgslagdata><Mottaker><Mottakernasjonalitet_kode>NOR</Mottakernasjonalitet_kode><Mottakernasjonalitet_bokmål>NORGE</Mottakernasjonalitet_bokmål><Mottaksstasjon>600106</Mottaksstasjon></Mottaker><Produksjon><Landingsdato>06.05.2018</Landingsdato><Landingsklokkeslett>0414</Landingsklokkeslett><Landingskommune_kode>1101</Landingskommune_kode><Landingskommune>EIGERSUND</Landingskommune><Landingsfylke_kode>11</Landingsfylke_kode><Landingsfylke>Rogaland</Landingsfylke><Landingsnasjon_kode>NOR</Landingsnasjon_kode><Landingsnasjon_bokmål>NORGE</Landingsnasjon_bokmål></Produksjon><Fangstdata><Fangstfelt_kode>03102</Fangstfelt_kode><Hovedområde_bokmål>Øst av Færøyene</Hovedområde_bokmål><Sone_kode>FRO</Sone_kode><Sone_bokmål>Færøyenes økonomiske sone</Sone_bokmål><Områdegruppering_bokmål>ICES-underavsnitt Vb1b</Områdegruppering_bokmål><HovedområdeFAO_kode>27</HovedområdeFAO_kode><HovedområdeFAO_bokmål>Nordøstlige Atlanterhav</HovedområdeFAO_bokmål><NordSørFor62GraderNord>Annet</NordSørFor62GraderNord><Fangstdagbok_nummer>18066</Fangstdagbok_nummer><Fangstdagbok_turnummer>0</Fangstdagbok_turnummer></Fangstdata><Fisker><Fiskernasjonalitet_kode>FRO</Fiskernasjonalitet_kode><Fiskernasjonalitet_bokmål>FÆRØYENE</Fiskernasjonalitet_bokmål></Fisker><Fartøy><Radiokallesignal_seddel>XPXM</Radiokallesignal_seddel><Fartøytype_kode>01</Fartøytype_kode><Fartøytype_bokmål>Fiskefartøy</Fartøytype_bokmål><Fartøynasjonalitet_bokmål>FÆRØYENE</Fartøynasjonalitet_bokmål></Fartøy><Mottakendefartøy></Mottakendefartøy><Kvote><KvotefartøyRegMerke>FD175</KvotefartøyRegMerke><Kvotetype_kode>04</Kvotetype_kode><Kvotetype_bokmål>Annet lands kvote</Kvotetype_bokmål></Kvote><Redskap><Redskap_bokmål>Flytetrål</Redskap_bokmål></Redskap><Dellanding><Dellanding_signal>0</Dellanding_signal></Dellanding><Produkt><Produkttilstand_kode>110</Produkttilstand_kode><Produkttilstand_bokmål>Rund</Produkttilstand_bokmål><Konserveringsmåte_kode>10</Konserveringsmåte_kode><Konserveringsmåte_bokmål>Rfw</Konserveringsmåte_bokmål><Landingsmåte_kode>03</Landingsmåte_kode><Landingsmåte_bokmål>tank / båt</Landingsmåte_bokmål><Kvalitet_kode>99</Kvalitet_kode><Kvalitet_bokmål>Uspesifisert</Kvalitet_bokmål><Størrelsesgruppering_kode>3000000</Størrelsesgruppering_kode><Anvendelse_kode>800</Anvendelse_kode><Anvendelse_bokmål>Mel og olje</Anvendelse_bokmål><HovedgruppeAnvendelse_kode>2</HovedgruppeAnvendelse_kode><HovedgruppeAnvendelse_bokmål>Mel og olje</HovedgruppeAnvendelse_bokmål><AntallStykk>0</AntallStykk><Bruttovekt>2347969.000</Bruttovekt><Produktvekt>2347969.000</Produktvekt><Rundvekt>2347969.000</Rundvekt></Produkt><Art><Art_bokmål>Kolmule</Art_bokmål><ArtFAO_kode>WHB</ArtFAO_kode><ArtFAO_bokmål>Kolmule</ArtFAO_bokmål></Art></Seddellinje>
<Seddellinje Dokumentnummer="800001548224" Linjenummer="1" Art_kode="1038" Registreringsmerke_seddel="FD175" Fangstår="2018" SisteFangstdato="10.05.2018" Redskap_kode="53" Hovedområde_kode="57" Lokasjon_kode="18" Fartøynasjonalitet_kode="FRO" KystHav_kode="0"><Dokumenttype_Kode>0</Dokumenttype_Kode><Dokumenttype_Bokmål>Sluttseddeldokument</Dokumenttype_Bokmål><DokumentVersjonsnummer>3</DokumentVersjonsnummer><DokumentFormulardato>13.05.2018</DokumentFormulardato><DokumentElektroniskDato>25.05.2018 08:22:18</DokumentElektroniskDato><Salgslagdata><SalgslagID>951206091</SalgslagID><Salgslag>Norges Sildesalgslag</Salgslag><Salgslag_kode>08</Salgslag_kode></Salgslagdata><Mottaker><Mottakernasjonalitet_kode>NOR</Mottakernasjonalitet_kode><Mottakernasjonalitet_bokmål>NORGE</Mottakernasjonalitet_bokmål><Mottaksstasjon>400036</Mottaksstasjon></Mottaker><Produksjon><Landingsdato>13.05.2018</Landingsdato><Landingsklokkeslett>1045</Landingsklokkeslett><Landingskommune_kode>1439</Landingskommune_kode><Landingskommune>VÅGSØY</Landingskommune><Landingsfylke_kode>14</Landingsfylke_kode><Landingsfylke>Sogn og Fjordane</Landingsfylke><Landingsnasjon_kode>NOR</Landingsnasjon_kode><Landingsnasjon_bokmål>NORGE</Landingsnasjon_bokmål></Produksjon><Fangstdata><Fangstfelt_kode>05718</Fangstfelt_kode><Hovedområde_bokmål>Vest av Færøyene</Hovedområde_bokmål><Sone_kode>FRO</Sone_kode><Sone_bokmål>Færøyenes økonomiske sone</Sone_bokmål><Områdegruppering_bokmål>ICES-underavsnitt Vb1b</Områdegruppering_bokmål><HovedområdeFAO_kode>27</HovedområdeFAO_kode><HovedområdeFAO_bokmål>Nordøstlige Atlanterhav</HovedområdeFAO_bokmål><NordSørFor62GraderNord>Annet</NordSørFor62GraderNord><Fangstdagbok_nummer>18066</Fangstdagbok_nummer><Fangstdagbok_turnummer>0</Fangstdagbok_turnummer></Fangstdata><Fisker><Fiskernasjonalitet_kode>FRO</Fiskernasjonalitet_kode><Fiskernasjonalitet_bokmål>FÆRØYENE</Fiskernasjonalitet_bokmål></Fisker><Fartøy><Radiokallesignal_seddel>XPXM</Radiokallesignal_seddel><Fartøytype_kode>01</Fartøytype_kode><Fartøytype_bokmål>Fiskefartøy</Fartøytype_bokmål><Fartøynasjonalitet_bokmål>FÆRØYENE</Fartøynasjonalitet_bokmål></Fartøy><Mottakendefartøy></Mottakendefartøy><Kvote><KvotefartøyRegMerke>FD175</KvotefartøyRegMerke><Kvotetype_kode>04</Kvotetype_kode><Kvotetype_bokmål>Annet lands kvote</Kvotetype_bokmål></Kvote><Redskap><Redskap_bokmål>Flytetrål</Redskap_bokmål></Redskap><Dellanding><Dellanding_signal>0</Dellanding_signal></Dellanding><Produkt><Produkttilstand_kode>110</Produkttilstand_kode><Produkttilstand_bokmål>Rund</Produkttilstand_bokmål><Konserveringsmåte_kode>22</Konserveringsmåte_kode><Konserveringsmåte_bokmål>Rfw og syre</Konserveringsmåte_bokmål><Landingsmåte_kode>03</Landingsmåte_kode><Landingsmåte_bokmål>tank / båt</Landingsmåte_bokmål><Kvalitet_kode>99</Kvalitet_kode><Kvalitet_bokmål>Uspesifisert</Kvalitet_bokmål><Størrelsesgruppering_kode>3000000</Størrelsesgruppering_kode><Anvendelse_kode>800</Anvendelse_kode><Anvendelse_bokmål>Mel og olje</Anvendelse_bokmål><HovedgruppeAnvendelse_kode>2</HovedgruppeAnvendelse_kode><HovedgruppeAnvendelse_bokmål>Mel og olje</HovedgruppeAnvendelse_bokmål><AntallStykk>0</AntallStykk><Bruttovekt>2466939.000</Bruttovekt><Produktvekt>2466939.000</Produktvekt><Rundvekt>2466939.000</Rundvekt></Produkt><Art><Art_bokmål>Kolmule</Art_bokmål><ArtFAO_kode>WHB</ArtFAO_kode><ArtFAO_bokmål>Kolmule</ArtFAO_bokmål></Art></Seddellinje>
<Seddellinje Dokumentnummer="800001549193" Linjenummer="1" Art_kode="1038" Registreringsmerke_seddel="FD42" Fangstår="2018" SisteFangstdato="12.06.2018" Redskap_kode="53" Hovedområde_kode="30" Lokasjon_kode="12" Fartøynasjonalitet_kode="FRO" KystHav_kode="0"><Dokumenttype_Kode>0</Dokumenttype_Kode><Dokumenttype_Bokmål>Sluttseddeldokument</Dokumenttype_Bokmål><DokumentVersjonsnummer>3</DokumentVersjonsnummer><DokumentFormulardato>13.06.2018</DokumentFormulardato><DokumentElektroniskDato>25.06.2018 08:04:17</DokumentElektroniskDato><Salgslagdata><SalgslagID>951206091</SalgslagID><Salgslag>Norges Sildesalgslag</Salgslag><Salgslag_kode>08</Salgslag_kode></Salgslagdata><Mottaker><Mottakernasjonalitet_kode>NOR</Mottakernasjonalitet_kode><Mottakernasjonalitet_bokmål>NORGE</Mottakernasjonalitet_bokmål><Mottaksstasjon>M43</Mottaksstasjon></Mottaker><Produksjon><Landingsdato>13.06.2018</Landingsdato><Landingsklokkeslett>0927</Landingsklokkeslett><Landingskommune_kode>1504</Landingskommune_kode><Landingskommune>ÅLESUND</Landingskommune><Landingsfylke_kode>15</Landingsfylke_kode><Landingsfylke>Møre og Romsdal</Landingsfylke><Landingsnasjon_kode>NOR</Landingsnasjon_kode><Landingsnasjon_bokmål>NORGE</Landingsnasjon_bokmål></Produksjon><Fangstdata><Fangstfelt_kode>03012</Fangstfelt_kode><Hovedområde_bokmål>Sørlige Norskehav</Hovedområde_bokmål><Sone_kode>FRO</Sone_kode><Sone_bokmål>Færøyenes økonomiske sone</Sone_bokmål><Områdegruppering_bokmål>ICES-underavsnitt IIa2</Områdegruppering_bokmål><HovedområdeFAO_kode>27</HovedområdeFAO_kode><HovedområdeFAO_bokmål>Nordøstlige Atlanterhav</HovedområdeFAO_bokmål><NordSørFor62GraderNord>Nord for 62°N</NordSørFor62GraderNord><Fangstdagbok_nummer>0</Fangstdagbok_nummer><Fangstdagbok_turnummer>0</Fangstdagbok_turnummer></Fangstdata><Fisker><Fiskernasjonalitet_kode>FRO</Fiskernasjonalitet_kode><Fiskernasjonalitet_bokmål>FÆRØYENE</Fiskernasjonalitet_bokmål></Fisker><Fartøy><Radiokallesignal_seddel>XPRG</Radiokallesignal_seddel><Fartøytype_kode>01</Fartøytype_kode><Fartøytype_bokmål>Fiskefartøy</Fartøytype_bokmål><Fartøynasjonalitet_bokmål>FÆRØYENE</Fartøynasjonalitet_bokmål></Fartøy><Mottakendefartøy></Mottakendefartøy><Kvote><KvotefartøyRegMerke>FD42</KvotefartøyRegMerke><Kvotetype_kode>04</Kvotetype_kode><Kvotetype_bokmål>Annet lands kvote</Kvotetype_bokmål></Kvote><Redskap><Redskap_bokmål>Flytetrål</Redskap_bokmål></Redskap><Dellanding><Dellanding_signal>0</Dellanding_signal></Dellanding><Produkt><Produkttilstand_kode>110</Produkttilstand_kode><Produkttilstand_bokmål>Rund</Produkttilstand_bokmål><Konserveringsmåte_kode>22</Konserveringsmåte_kode><Konserveringsmåte_bokmål>Rfw og syre</Konserveringsmåte_bokmål><Landingsmåte_kode>03</Landingsmåte_kode><Landingsmåte_bokmål>tank / båt</Landingsmåte_bokmål><Kvalitet_kode>99</Kvalitet_kode><Kvalitet_bokmål>Uspesifisert</Kvalitet_bokmål><Størrelsesgruppering_kode>3000000</Størrelsesgruppering_kode><Anvendelse_kode>800</Anvendelse_kode><Anvendelse_bokmål>Mel og olje</Anvendelse_bokmål><HovedgruppeAnvendelse_kode>2</HovedgruppeAnvendelse_kode><HovedgruppeAnvendelse_bokmål>Mel og olje</HovedgruppeAnvendelse_bokmål><AntallStykk>0</AntallStykk><Bruttovekt>1991306.000</Bruttovekt><Produktvekt>1991306.000</Produktvekt><Rundvekt>1991306.000</Rundvekt></Produkt><Art><Art_bokmål>Kolmule</Art_bokmål><ArtFAO_kode>WHB</ArtFAO_kode><ArtFAO_bokmål>Kolmule</ArtFAO_bokmål></Art></Seddellinje>
<Seddellinje Dokumentnummer="800001547817" Linjenummer="1" Art_kode="1038" Registreringsmerke_seddel="FD86" Fangstår="2018" SisteFangstdato="15.03.2018" Redskap_kode="53" Hovedområde_kode="48" Lokasjon_kode="19" Fartøynasjonalitet_kode="FRO" KystHav_kode="0"><Dokumenttype_Kode>0</Dokumenttype_Kode><Dokumenttype_Bokmål>Sluttseddeldokument</Dokumenttype_Bokmål><DokumentVersjonsnummer>3</DokumentVersjonsnummer><DokumentFormulardato>19.03.2018</DokumentFormulardato><DokumentElektroniskDato>27.03.2018 12:44:17</DokumentElektroniskDato><Salgslagdata><SalgslagID>951206091</SalgslagID><Salgslag>Norges Sildesalgslag</Salgslag><Salgslag_kode>08</Salgslag_kode></Salgslagdata><Mottaker><Mottakernasjonalitet_kode>NOR</Mottakernasjonalitet_kode><Mottakernasjonalitet_bokmål>NORGE</Mottakernasjonalitet_bokmål><Mottaksstasjon>400036</Mottaksstasjon></Mottaker><Produksjon><Landingsdato>18.03.2018 23:00:00</Landingsdato><Landingsklokkeslett>0914</Landingsklokkeslett><Landingskommune_kode>1439</Landingskommune_kode><Landingskommune>VÅGSØY</Landingskommune><Landingsfylke_kode>14</Landingsfylke_kode><Landingsfylke>Sogn og Fjordane</Landingsfylke><Landingsnasjon_kode>NOR</Landingsnasjon_kode><Landingsnasjon_bokmål>NORGE</Landingsnasjon_bokmål></Produksjon><Fangstdata><Fangstfelt_kode>04819</Fangstfelt_kode><Hovedområde_bokmål>Vest av Irland</Hovedområde_bokmål><Sone_kode>XRR</Sone_kode><Sone_bokmål>Internasjonalt område (NEAFC)- Irmingerhavet/Reykjanesryggen</Sone_bokmål><Områdegruppering_bokmål>ICES-underavsnitt VIIc1</Områdegruppering_bokmål><HovedområdeFAO_kode>27</HovedområdeFAO_kode><HovedområdeFAO_bokmål>Nordøstlige Atlanterhav</HovedområdeFAO_bokmål><NordSørFor62GraderNord>Annet</NordSørFor62GraderNord><Fangstdagbok_nummer>243351</Fangstdagbok_nummer><Fangstdagbok_turnummer>0</Fangstdagbok_turnummer></Fangstdata><Fisker><Fiskernasjonalitet_kode>FRO</Fiskernasjonalitet_kode><Fiskernasjonalitet_bokmål>FÆRØYENE</Fiskernasjonalitet_bokmål></Fisker><Fartøy><Radiokallesignal_seddel>XPXP</Radiokallesignal_seddel><Fartøytype_kode>01</Fartøytype_kode><Fartøytype_bokmål>Fiskefartøy</Fartøytype_bokmål><Fartøynasjonalitet_bokmål>FÆRØYENE</Fartøynasjonalitet_bokmål></Fartøy><Mottakendefartøy></Mottakendefartøy><Kvote><KvotefartøyRegMerke>FD86</KvotefartøyRegMerke><Kvotetype_kode>04</Kvotetype_kode><Kvotetype_bokmål>Annet lands kvote</Kvotetype_bokmål></Kvote><Redskap><Redskap_bokmål>Flytetrål</Redskap_bokmål></Redskap><Dellanding><Dellanding_signal>0</Dellanding_signal></Dellanding><Produkt><Produkttilstand_kode>110</Produkttilstand_kode><Produkttilstand_bokmål>Rund</Produkttilstand_bokmål><Konserveringsmåte_kode>10</Konserveringsmåte_kode><Konserveringsmåte_bokmål>Rfw</Konserveringsmåte_bokmål><Landingsmåte_kode>03</Landingsmåte_kode><Landingsmåte_bokmål>tank / båt</Landingsmåte_bokmål><Kvalitet_kode>99</Kvalitet_kode><Kvalitet_bokmål>Uspesifisert</Kvalitet_bokmål><Størrelsesgruppering_kode>3000000</Størrelsesgruppering_kode><Anvendelse_kode>800</Anvendelse_kode><Anvendelse_bokmål>Mel og olje</Anvendelse_bokmål><HovedgruppeAnvendelse_kode>2</HovedgruppeAnvendelse_kode><HovedgruppeAnvendelse_bokmål>Mel og olje</HovedgruppeAnvendelse_bokmål><AntallStykk>0</AntallStykk><Bruttovekt>2515998.000</Bruttovekt><Produktvekt>2515998.000</Produktvekt><Rundvekt>2515998.000</Rundvekt></Produkt><Art><Art_bokmål>Kolmule</Art_bokmål><ArtFAO_kode>WHB</ArtFAO_kode><ArtFAO_bokmål>Kolmule</ArtFAO_bokmål></Art></Seddellinje>
<Seddellinje Dokumentnummer="800001548231" Linjenummer="1" Art_kode="1038" Registreringsmerke_seddel="FD86" Fangstår="2018" SisteFangstdato="12.05.2018" Redskap_kode="53" Hovedområde_kode="57" Lokasjon_kode="18" Fartøynasjonalitet_kode="FRO" KystHav_kode="0"><Dokumenttype_Kode>0</Dokumenttype_Kode><Dokumenttype_Bokmål>Sluttseddeldokument</Dokumenttype_Bokmål><DokumentVersjonsnummer>4</DokumentVersjonsnummer><DokumentFormulardato>14.05.2018</DokumentFormulardato><DokumentElektroniskDato>25.05.2018 09:30:18</DokumentElektroniskDato><Salgslagdata><SalgslagID>951206091</SalgslagID><Salgslag>Norges Sildesalgslag</Salgslag><Salgslag_kode>08</Salgslag_kode></Salgslagdata><Mottaker><Mottakernasjonalitet_kode>NOR</Mottakernasjonalitet_kode><Mottakernasjonalitet_bokmål>NORGE</Mottakernasjonalitet_bokmål><Mottaksstasjon>M43</Mottaksstasjon></Mottaker><Produksjon><Landingsdato>14.05.2018</Landingsdato><Landingsklokkeslett>0905</Landingsklokkeslett><Landingskommune_kode>1504</Landingskommune_kode><Landingskommune>ÅLESUND</Landingskommune><Landingsfylke_kode>15</Landingsfylke_kode><Landingsfylke>Møre og Romsdal</Landingsfylke><Landingsnasjon_kode>NOR</Landingsnasjon_kode><Landingsnasjon_bokmål>NORGE</Landingsnasjon_bokmål></Produksjon><Fangstdata><Fangstfelt_kode>05718</Fangstfelt_kode><Hovedområde_bokmål>Vest av Færøyene</Hovedområde_bokmål><Sone_kode>FRO</Sone_kode><Sone_bokmål>Færøyenes økonomiske sone</Sone_bokmål><Områdegruppering_bokmål>ICES-underavsnitt Vb1b</Områdegruppering_bokmål><HovedområdeFAO_kode>27</HovedområdeFAO_kode><HovedområdeFAO_bokmål>Nordøstlige Atlanterhav</HovedområdeFAO_bokmål><NordSørFor62GraderNord>Annet</NordSørFor62GraderNord><Fangstdagbok_nummer>243351</Fangstdagbok_nummer><Fangstdagbok_turnummer>0</Fangstdagbok_turnummer></Fangstdata><Fisker><Fiskernasjonalitet_kode>FRO</Fiskernasjonalitet_kode><Fiskernasjonalitet_bokmål>FÆRØYENE</Fiskernasjonalitet_bokmål></Fisker><Fartøy><Radiokallesignal_seddel>XPXP</Radiokallesignal_seddel><Fartøytype_kode>01</Fartøytype_kode><Fartøytype_bokmål>Fiskefartøy</Fartøytype_bokmål><Fartøynasjonalitet_bokmål>FÆRØYENE</Fartøynasjonalitet_bokmål></Fartøy><Mottakendefartøy></Mottakendefartøy><Kvote><KvotefartøyRegMerke>FD86</KvotefartøyRegMerke><Kvotetype_kode>04</Kvotetype_kode><Kvotetype_bokmål>Annet lands kvote</Kvotetype_bokmål></Kvote><Redskap><Redskap_bokmål>Flytetrål</Redskap_bokmål></Redskap><Dellanding><Dellanding_signal>0</Dellanding_signal></Dellanding><Produkt><Produkttilstand_kode>110</Produkttilstand_kode><Produkttilstand_bokmål>Rund</Produkttilstand_bokmål><Konserveringsmåte_kode>10</Konserveringsmåte_kode><Konserveringsmåte_bokmål>Rfw</Konserveringsmåte_bokmål><Landingsmåte_kode>03</Landingsmåte_kode><Landingsmåte_bokmål>tank / båt</Landingsmåte_bokmål><Kvalitet_kode>99</Kvalitet_kode><Kvalitet_bokmål>Uspesifisert</Kvalitet_bokmål><Størrelsesgruppering_kode>3000000</Størrelsesgruppering_kode><Anvendelse_kode>800</Anvendelse_kode><Anvendelse_bokmål>Mel og olje</Anvendelse_bokmål><HovedgruppeAnvendelse_kode>2</HovedgruppeAnvendelse_kode><HovedgruppeAnvendelse_bokmål>Mel og olje</HovedgruppeAnvendelse_bokmål><AntallStykk>0</AntallStykk><Bruttovekt>2498465.000</Bruttovekt><Produktvekt>2498465.000</Produktvekt><Rundvekt>2498465.000</Rundvekt></Produkt><Art><Art_bokmål>Kolmule</Art_bokmål><ArtFAO_kode>WHB</ArtFAO_kode><ArtFAO_bokmål>Kolmule</ArtFAO_bokmål></Art></Seddellinje>
<Seddellinje Dokumentnummer="800001548127" Linjenummer="1" Art_kode="1038" Registreringsmerke_seddel="FD86" Fangstår="2018" SisteFangstdato="27.04.2018" Redskap_kode="53" Hovedområde_kode="31" Lokasjon_kode="01" Fartøynasjonalitet_kode="FRO" KystHav_kode="0"><Dokumenttype_Kode>0</Dokumenttype_Kode><Dokumenttype_Bokmål>Sluttseddeldokument</Dokumenttype_Bokmål><DokumentVersjonsnummer>3</DokumentVersjonsnummer><DokumentFormulardato>30.04.2018</DokumentFormulardato><DokumentElektroniskDato>08.05.2018 10:42:17</DokumentElektroniskDato><Salgslagdata><SalgslagID>951206091</SalgslagID><Salgslag>Norges Sildesalgslag</Salgslag><Salgslag_kode>08</Salgslag_kode></Salgslagdata><Mottaker><Mottakernasjonalitet_kode>NOR</Mottakernasjonalitet_kode><Mottakernasjonalitet_bokmål>NORGE</Mottakernasjonalitet_bokmål><Mottaksstasjon>600106</Mottaksstasjon></Mottaker><Produksjon><Landingsdato>30.04.2018</Landingsdato><Landingsklokkeslett>0058</Landingsklokkeslett><Landingskommune_kode>1101</Landingskommune_kode><Landingskommune>EIGERSUND</Landingskommune><Landingsfylke_kode>11</Landingsfylke_kode><Landingsfylke>Rogaland</Landingsfylke><Landingsnasjon_kode>NOR</Landingsnasjon_kode><Landingsnasjon_bokmål>NORGE</Landingsnasjon_bokmål></Produksjon><Fangstdata><Fangstfelt_kode>03101</Fangstfelt_kode><Hovedområde_bokmål>Øst av Færøyene</Hovedområde_bokmål><Sone_kode>FRO</Sone_kode><Sone_bokmål>Færøyenes økonomiske sone</Sone_bokmål><Områdegruppering_bokmål>ICES-underavsnitt Vb1b</Områdegruppering_bokmål><HovedområdeFAO_kode>27</HovedområdeFAO_kode><HovedområdeFAO_bokmål>Nordøstlige Atlanterhav</HovedområdeFAO_bokmål><NordSørFor62GraderNord>Annet</NordSørFor62GraderNord><Fangstdagbok_nummer>243351</Fangstdagbok_nummer><Fangstdagbok_turnummer>0</Fangstdagbok_turnummer></Fangstdata><Fisker><Fiskernasjonalitet_kode>FRO</Fiskernasjonalitet_kode><Fiskernasjonalitet_bokmål>FÆRØYENE</Fiskernasjonalitet_bokmål></Fisker><Fartøy><Radiokallesignal_seddel>XPXP</Radiokallesignal_seddel><Fartøytype_kode>01</Fartøytype_kode><Fartøytype_bokmål>Fiskefartøy</Fartøytype_bokmål><Fartøynasjonalitet_bokmål>FÆRØYENE</Fartøynasjonalitet_bokmål></Fartøy><Mottakendefartøy></Mottakendefartøy><Kvote><KvotefartøyRegMerke>FD86</KvotefartøyRegMerke><Kvotetype_kode>04</Kvotetype_kode><Kvotetype_bokmål>Annet lands kvote</Kvotetype_bokmål></Kvote><Redskap><Redskap_bokmål>Flytetrål</Redskap_bokmål></Redskap><Dellanding><Dellanding_signal>0</Dellanding_signal></Dellanding><Produkt><Produkttilstand_kode>110</Produkttilstand_kode><Produkttilstand_bokmål>Rund</Produkttilstand_bokmål><Konserveringsmåte_kode>10</Konserveringsmåte_kode><Konserveringsmåte_bokmål>Rfw</Konserveringsmåte_bokmål><Landingsmåte_kode>03</Landingsmåte_kode><Landingsmåte_bokmål>tank / båt</Landingsmåte_bokmål><Kvalitet_kode>99</Kvalitet_kode><Kvalitet_bokmål>Uspesifisert</Kvalitet_bokmål><Størrelsesgruppering_kode>3000000</Størrelsesgruppering_kode><Anvendelse_kode>800</Anvendelse_kode><Anvendelse_bokmål>Mel og olje</Anvendelse_bokmål><HovedgruppeAnvendelse_kode>2</HovedgruppeAnvendelse_kode><HovedgruppeAnvendelse_bokmål>Mel og olje</HovedgruppeAnvendelse_bokmål><AntallStykk>0</AntallStykk><Bruttovekt>2463540.000</Bruttovekt><Produktvekt>2463540.000</Produktvekt><Rundvekt>2463540.000</Rundvekt></Produkt><Art><Art_bokmål>Kolmule</Art_bokmål><ArtFAO_kode>WHB</ArtFAO_kode><ArtFAO_bokmål>Kolmule</ArtFAO_bokmål></Art></Seddellinje>
<Seddellinje Dokumentnummer="800001549917" Linjenummer="2" Art_kode="1038" Registreringsmerke_seddel="H 0001AV" Fangstår="2018" SisteFangstdato="28.06.2018" Redskap_kode="11" Hovedområde_kode="08" Lokasjon_kode="55" StørsteLengde="67.0000" Fartøynasjonalitet_kode="NOR" KystHav_kode="0"><Dokumenttype_Kode>0</Dokumenttype_Kode><Dokumenttype_Bokmål>Sluttseddeldokument</Dokumenttype_Bokmål><DokumentVersjonsnummer>3</DokumentVersjonsnummer><DokumentFormulardato>30.06.2018</DokumentFormulardato><DokumentElektroniskDato>03.07.2018 09:26:27</DokumentElektroniskDato><Salgslagdata><SalgslagID>951206091</SalgslagID><Salgslag>Norges Sildesalgslag</Salgslag><Salgslag_kode>08</Salgslag_kode></Salgslagdata><Mottaker><Mottakernasjonalitet_kode>NOR</Mottakernasjonalitet_kode><Mottakernasjonalitet_bokmål>NORGE</Mottakernasjonalitet_bokmål><Mottaksstasjon>SF189</Mottaksstasjon></Mottaker><Produksjon><Landingsdato>30.06.2018</Landingsdato><Landingsklokkeslett>1357</Landingsklokkeslett><Landingskommune_kode>1438</Landingskommune_kode><Landingskommune>BREMANGER</Landingskommune><Landingsfylke_kode>14</Landingsfylke_kode><Landingsfylke>Sogn og Fjordane</Landingsfylke><Landingsnasjon_kode>NOR</Landingsnasjon_kode><Landingsnasjon_bokmål>NORGE</Landingsnasjon_bokmål></Produksjon><Fangstdata><Fangstfelt_kode>00855</Fangstfelt_kode><Hovedområde_bokmål>Eigersundbanken</Hovedområde_bokmål><Sone_kode>NOR</Sone_kode><Sone_bokmål>Norges økonomiske sone</Sone_bokmål><Områdegruppering_bokmål>ICES-avsnitt IVa</Områdegruppering_bokmål><HovedområdeFAO_kode>27</HovedområdeFAO_kode><HovedområdeFAO_bokmål>Nordøstlige Atlanterhav</HovedområdeFAO_bokmål><NordSørFor62GraderNord>Sør for 62°N</NordSørFor62GraderNord><Fangstdagbok_nummer>201099</Fangstdagbok_nummer><Fangstdagbok_turnummer>999</Fangstdagbok_turnummer></Fangstdata><Fisker><Fiskerkommune_kode>1244</Fiskerkommune_kode><Fiskerkommune>AUSTEVOLL</Fiskerkommune><Fiskernasjonalitet_kode>NOR</Fiskernasjonalitet_kode><Fiskernasjonalitet_bokmål>NORGE</Fiskernasjonalitet_bokmål></Fisker><Fartøy><Fartøynavn>HARVEST</Fartøynavn><FartøyID>2014065794</FartøyID><Radiokallesignal_seddel>LDKY</Radiokallesignal_seddel><Lengdegruppe_kode>5</Lengdegruppe_kode><Lengdegruppe_bokmål>28 m og over</Lengdegruppe_bokmål><Bruttotonnasje1969>2342</Bruttotonnasje1969><Byggeår>2014</Byggeår><Motorkraft>5400</Motorkraft><Motorbyggeår>2013</Motorbyggeår><FartøyGjelderFraDato>01.01.2018</FartøyGjelderFraDato><FartøyGjelderTilDato>05.10.2018 01:00:21</FartøyGjelderTilDato><Fartøytype_kode>01</Fartøytype_kode><Fartøytype_bokmål>Fiskefartøy</Fartøytype_bokmål><Fartøykommune_kode>1244</Fartøykommune_kode><Fartøykommune>AUSTEVOLL</Fartøykommune><Fartøyfylke_kode>12</Fartøyfylke_kode><Fartøyfylke>Hordaland</Fartøyfylke><Fartøynasjonalitet_bokmål>NORGE</Fartøynasjonalitet_bokmål></Fartøy><Mottakendefartøy></Mottakendefartøy><Kvote><KvotefartøyRegMerke>H 0001AV</KvotefartøyRegMerke><Kvotetype_kode>01</Kvotetype_kode><Kvotetype_bokmål>Vanlig kvote</Kvotetype_bokmål></Kvote><Redskap><Redskap_bokmål>Snurpenot/ringnot</Redskap_bokmål></Redskap><Dellanding><Dellanding_signal>0</Dellanding_signal></Dellanding><Produkt><Produkttilstand_kode>110</Produkttilstand_kode><Produkttilstand_bokmål>Rund</Produkttilstand_bokmål><Konserveringsmåte_kode>11</Konserveringsmåte_kode><Konserveringsmåte_bokmål>Rsw</Konserveringsmåte_bokmål><Landingsmåte_kode>03</Landingsmåte_kode><Landingsmåte_bokmål>tank / båt</Landingsmåte_bokmål><Kvalitet_kode>99</Kvalitet_kode><Kvalitet_bokmål>Uspesifisert</Kvalitet_bokmål><Størrelsesgruppering_kode>3000000</Størrelsesgruppering_kode><Anvendelse_kode>110</Anvendelse_kode><Anvendelse_bokmål>Fersk eksport (også ising)</Anvendelse_bokmål><HovedgruppeAnvendelse_kode>1</HovedgruppeAnvendelse_kode><HovedgruppeAnvendelse_bokmål>Konsum</HovedgruppeAnvendelse_bokmål><AntallStykk>0</AntallStykk><Bruttovekt>1962.000</Bruttovekt><Produktvekt>1923.000</Produktvekt><Rundvekt>1923.000</Rundvekt></Produkt><Art><Art_bokmål>Kolmule</Art_bokmål><ArtFAO_kode>WHB</ArtFAO_kode><ArtFAO_bokmål>Kolmule</ArtFAO_bokmål></Art></Seddellinje>
<Seddellinje Dokumentnummer="800001547894" Linjenummer="1" Art_kode="1038" Registreringsmerke_seddel="H 0001AV" Fangstår="2018" SisteFangstdato="25.03.2018" Redskap_kode="53" Hovedområde_kode="47" Lokasjon_kode="06" StørsteLengde="67.0000" Fartøynasjonalitet_kode="NOR" KystHav_kode="0"><Dokumenttype_Kode>0</Dokumenttype_Kode><Dokumenttype_Bokmål>Sluttseddeldokument</Dokumenttype_Bokmål><DokumentVersjonsnummer>3</DokumentVersjonsnummer><DokumentFormulardato>29.03.2018</DokumentFormulardato><DokumentElektroniskDato>09.04.2018 09:20:37</DokumentElektroniskDato><Salgslagdata><SalgslagID>951206091</SalgslagID><Salgslag>Norges Sildesalgslag</Salgslag><Salgslag_kode>08</Salgslag_kode></Salgslagdata><Mottaker><Mottakernasjonalitet_kode>DNK</Mottakernasjonalitet_kode><Mottakernasjonalitet_bokmål>DANMARK</Mottakernasjonalitet_bokmål><Mottaksstasjon>DNK</Mottaksstasjon></Mottaker><Produksjon><Landingsdato>29.03.2018</Landingsdato><Landingsklokkeslett>0956</Landingsklokkeslett><Landingsnasjon_kode>DNK</Landingsnasjon_kode><Landingsnasjon_bokmål>DANMARK</Landingsnasjon_bokmål></Produksjon><Fangstdata><Fangstfelt_kode>04706</Fangstfelt_kode><Hovedområde_bokmål>Rockall</Hovedområde_bokmål><Sone_kode>XEU</Sone_kode><Sone_bokmål>EU-sonen</Sone_bokmål><Områdegruppering_bokmål>ICES-underavsnitt VIb2</Områdegruppering_bokmål><HovedområdeFAO_kode>27</HovedområdeFAO_kode><HovedområdeFAO_bokmål>Nordøstlige Atlanterhav</HovedområdeFAO_bokmål><NordSørFor62GraderNord>Annet</NordSørFor62GraderNord><Fangstdagbok_nummer>201099</Fangstdagbok_nummer><Fangstdagbok_turnummer>999</Fangstdagbok_turnummer></Fangstdata><Fisker><Fiskerkommune_kode>1244</Fiskerkommune_kode><Fiskerkommune>AUSTEVOLL</Fiskerkommune><Fiskernasjonalitet_kode>NOR</Fiskernasjonalitet_kode><Fiskernasjonalitet_bokmål>NORGE</Fiskernasjonalitet_bokmål></Fisker><Fartøy><Fartøynavn>HARVEST</Fartøynavn><FartøyID>2014065794</FartøyID><Radiokallesignal_seddel>LDKY</Radiokallesignal_seddel><Lengdegruppe_kode>5</Lengdegruppe_kode><Lengdegruppe_bokmål>28 m og over</Lengdegruppe_bokmål><Bruttotonnasje1969>2342</Bruttotonnasje1969><Byggeår>2014</Byggeår><Motorkraft>5400</Motorkraft><Motorbyggeår>2013</Motorbyggeår><FartøyGjelderFraDato>01.01.2018</FartøyGjelderFraDato><FartøyGjelderTilDato>05.10.2018 01:00:21</FartøyGjelderTilDato><Fartøytype_kode>01</Fartøytype_kode><Fartøytype_bokmål>Fiskefartøy</Fartøytype_bokmål><Fartøykommune_kode>1244</Fartøykommune_kode><Fartøykommune>AUSTEVOLL</Fartøykommune><Fartøyfylke_kode>12</Fartøyfylke_kode><Fartøyfylke>Hordaland</Fartøyfylke><Fartøynasjonalitet_bokmål>NORGE</Fartøynasjonalitet_bokmål></Fartøy><Mottakendefartøy></Mottakendefartøy><Kvote><KvotefartøyRegMerke>H 0001AV</KvotefartøyRegMerke><Kvotetype_kode>01</Kvotetype_kode><Kvotetype_bokmål>Vanlig kvote</Kvotetype_bokmål></Kvote><Redskap><Redskap_bokmål>Flytetrål</Redskap_bokmål></Redskap><Dellanding><Dellanding_signal>0</Dellanding_signal></Dellanding><Produkt><Produkttilstand_kode>110</Produkttilstand_kode><Produkttilstand_bokmål>Rund</Produkttilstand_bokmål><Konserveringsmåte_kode>27</Konserveringsmåte_kode><Konserveringsmåte_bokmål>Rfw + "Soft Eddik"</Konserveringsmåte_bokmål><Landingsmåte_kode>03</Landingsmåte_kode><Landingsmåte_bokmål>tank / båt</Landingsmåte_bokmål><Kvalitet_kode>99</Kvalitet_kode><Kvalitet_bokmål>Uspesifisert</Kvalitet_bokmål><Størrelsesgruppering_kode>3000000</Størrelsesgruppering_kode><Anvendelse_kode>800</Anvendelse_kode><Anvendelse_bokmål>Mel og olje</Anvendelse_bokmål><HovedgruppeAnvendelse_kode>2</HovedgruppeAnvendelse_kode><HovedgruppeAnvendelse_bokmål>Mel og olje</HovedgruppeAnvendelse_bokmål><AntallStykk>0</AntallStykk><Bruttovekt>1760108.000</Bruttovekt><Produktvekt>1760108.000</Produktvekt><Rundvekt>1760108.000</Rundvekt></Produkt><Art><Art_bokmål>Kolmule</Art_bokmål><ArtFAO_kode>WHB</ArtFAO_kode><ArtFAO_bokmål>Kolmule</ArtFAO_bokmål></Art></Seddellinje>
<Seddellinje Dokumentnummer="800001547796" Linjenummer="1" Art_kode="1038" Registreringsmerke_seddel="H 0001AV" Fangstår="2018" SisteFangstdato="14.03.2018" Redskap_kode="53" Hovedområde_kode="48" Lokasjon_kode="19" StørsteLengde="67.0000" Fartøynasjonalitet_kode="NOR" KystHav_kode="0"><Dokumenttype_Kode>0</Dokumenttype_Kode><Dokumenttype_Bokmål>Sluttseddeldokument</Dokumenttype_Bokmål><DokumentVersjonsnummer>3</DokumentVersjonsnummer><DokumentFormulardato>18.03.2018</DokumentFormulardato><DokumentElektroniskDato>23.03.2018 15:06:22</DokumentElektroniskDato><Salgslagdata><SalgslagID>951206091</SalgslagID><Salgslag>Norges Sildesalgslag</Salgslag><Salgslag_kode>08</Salgslag_kode></Salgslagdata><Mottaker><Mottakernasjonalitet_kode>DNK</Mottakernasjonalitet_kode><Mottakernasjonalitet_bokmål>DANMARK</Mottakernasjonalitet_bokmål><Mottaksstasjon>DNK</Mottaksstasjon></Mottaker><Produksjon><Landingsdato>18.03.2018</Landingsdato><Landingsklokkeslett>2210</Landingsklokkeslett><Landingsnasjon_kode>DNK</Landingsnasjon_kode><Landingsnasjon_bokmål>DANMARK</Landingsnasjon_bokmål></Produksjon><Fangstdata><Fangstfelt_kode>04819</Fangstfelt_kode><Hovedområde_bokmål>Vest av Irland</Hovedområde_bokmål><Sone_kode>XRR</Sone_kode><Sone_bokmål>Internasjonalt område (NEAFC)- Irmingerhavet/Reykjanesryggen</Sone_bokmål><Områdegruppering_bokmål>ICES-underavsnitt VIIc1</Områdegruppering_bokmål><HovedområdeFAO_kode>27</HovedområdeFAO_kode><HovedområdeFAO_bokmål>Nordøstlige Atlanterhav</HovedområdeFAO_bokmål><NordSørFor62GraderNord>Annet</NordSørFor62GraderNord><Fangstdagbok_nummer>201099</Fangstdagbok_nummer><Fangstdagbok_turnummer>999</Fangstdagbok_turnummer></Fangstdata><Fisker><Fiskerkommune_kode>1244</Fiskerkommune_kode><Fiskerkommune>AUSTEVOLL</Fiskerkommune><Fiskernasjonalitet_kode>NOR</Fiskernasjonalitet_kode><Fiskernasjonalitet_bokmål>NORGE</Fiskernasjonalitet_bokmål></Fisker><Fartøy><Fartøynavn>HARVEST</Fartøynavn><FartøyID>2014065794</FartøyID><Radiokallesignal_seddel>LDKY</Radiokallesignal_seddel><Lengdegruppe_kode>5</Lengdegruppe_kode><Lengdegruppe_bokmål>28 m og over</Lengdegruppe_bokmål><Bruttotonnasje1969>2342</Bruttotonnasje1969><Byggeår>2014</Byggeår><Motorkraft>5400</Motorkraft><Motorbyggeår>2013</Motorbyggeår><FartøyGjelderFraDato>01.01.2018</FartøyGjelderFraDato><FartøyGjelderTilDato>05.10.2018 01:00:21</FartøyGjelderTilDato><Fartøytype_kode>01</Fartøytype_kode><Fartøytype_bokmål>Fiskefartøy</Fartøytype_bokmål><Fartøykommune_kode>1244</Fartøykommune_kode><Fartøykommune>AUSTEVOLL</Fartøykommune><Fartøyfylke_kode>12</Fartøyfylke_kode><Fartøyfylke>Hordaland</Fartøyfylke><Fartøynasjonalitet_bokmål>NORGE</Fartøynasjonalitet_bokmål></Fartøy><Mottakendefartøy></Mottakendefartøy><Kvote><KvotefartøyRegMerke>H 0001AV</KvotefartøyRegMerke><Kvotetype_kode>01</Kvotetype_kode><Kvotetype_bokmål>Vanlig kvote</Kvotetype_bokmål></Kvote><Redskap><Redskap_bokmål>Flytetrål</Redskap_bokmål></Redskap><Dellanding><Dellanding_signal>1</Dellanding_signal></Dellanding><Produkt><Produkttilstand_kode>110</Produkttilstand_kode><Produkttilstand_bokmål>Rund</Produkttilstand_bokmål><Konserveringsmåte_kode>22</Konserveringsmåte_kode><Konserveringsmåte_bokmål>Rfw og syre</Konserveringsmåte_bokmål><Landingsmåte_kode>03</Landingsmåte_kode><Landingsmåte_bokmål>tank / båt</Landingsmåte_bokmål><Kvalitet_kode>99</Kvalitet_kode><Kvalitet_bokmål>Uspesifisert</Kvalitet_bokmål><Størrelsesgruppering_kode>3000000</Størrelsesgruppering_kode><Anvendelse_kode>800</Anvendelse_kode><Anvendelse_bokmål>Mel og olje</Anvendelse_bokmål><HovedgruppeAnvendelse_kode>2</HovedgruppeAnvendelse_kode><HovedgruppeAnvendelse_bokmål>Mel og olje</HovedgruppeAnvendelse_bokmål><AntallStykk>0</AntallStykk><Bruttovekt>1161034.000</Bruttovekt><Produktvekt>1161034.000</Produktvekt><Rundvekt>1161034.000</Rundvekt></Produkt><Art><Art_bokmål>Kolmule</Art_bokmål><ArtFAO_kode>WHB</ArtFAO_kode><ArtFAO_bokmål>Kolmule</ArtFAO_bokmål></Art></Seddellinje>
<Seddellinje Dokumentnummer="800001547797" Linjenummer="1" Art_kode="1038" Registreringsmerke_seddel="H 0001AV" Fangstår="2018" SisteFangstdato="14.03.2018" Redskap_kode="53" Hovedområde_kode="47" Lokasjon_kode="10" StørsteLengde="67.0000" Fartøynasjonalitet_kode="NOR" KystHav_kode="0"><Dokumenttype_Kode>0</Dokumenttype_Kode><Dokumenttype_Bokmål>Sluttseddeldokument</Dokumenttype_Bokmål><DokumentVersjonsnummer>3</DokumentVersjonsnummer><DokumentFormulardato>18.03.2018</DokumentFormulardato><DokumentElektroniskDato>23.03.2018 15:06:26</DokumentElektroniskDato><Salgslagdata><SalgslagID>951206091</SalgslagID><Salgslag>Norges Sildesalgslag</Salgslag><Salgslag_kode>08</Salgslag_kode></Salgslagdata><Mottaker><Mottakernasjonalitet_kode>DNK</Mottakernasjonalitet_kode><Mottakernasjonalitet_bokmål>DANMARK</Mottakernasjonalitet_bokmål><Mottaksstasjon>DNK</Mottaksstasjon></Mottaker><Produksjon><Landingsdato>18.03.2018</Landingsdato><Landingsklokkeslett>2204</Landingsklokkeslett><Landingsnasjon_kode>DNK</Landingsnasjon_kode><Landingsnasjon_bokmål>DANMARK</Landingsnasjon_bokmål></Produksjon><Fangstdata><Fangstfelt_kode>04710</Fangstfelt_kode><Hovedområde_bokmål>Rockall</Hovedområde_bokmål><Sone_kode>XEU</Sone_kode><Sone_bokmål>EU-sonen</Sone_bokmål><Områdegruppering_bokmål>ICES-underavsnitt VIb2</Områdegruppering_bokmål><HovedområdeFAO_kode>27</HovedområdeFAO_kode><HovedområdeFAO_bokmål>Nordøstlige Atlanterhav</HovedområdeFAO_bokmål><NordSørFor62GraderNord>Annet</NordSørFor62GraderNord><Fangstdagbok_nummer>201099</Fangstdagbok_nummer><Fangstdagbok_turnummer>999</Fangstdagbok_turnummer></Fangstdata><Fisker><Fiskerkommune_kode>1244</Fiskerkommune_kode><Fiskerkommune>AUSTEVOLL</Fiskerkommune><Fiskernasjonalitet_kode>NOR</Fiskernasjonalitet_kode><Fiskernasjonalitet_bokmål>NORGE</Fiskernasjonalitet_bokmål></Fisker><Fartøy><Fartøynavn>HARVEST</Fartøynavn><FartøyID>2014065794</FartøyID><Radiokallesignal_seddel>LDKY</Radiokallesignal_seddel><Lengdegruppe_kode>5</Lengdegruppe_kode><Lengdegruppe_bokmål>28 m og over</Lengdegruppe_bokmål><Bruttotonnasje1969>2342</Bruttotonnasje1969><Byggeår>2014</Byggeår><Motorkraft>5400</Motorkraft><Motorbyggeår>2013</Motorbyggeår><FartøyGjelderFraDato>01.01.2018</FartøyGjelderFraDato><FartøyGjelderTilDato>05.10.2018 01:00:21</FartøyGjelderTilDato><Fartøytype_kode>01</Fartøytype_kode><Fartøytype_bokmål>Fiskefartøy</Fartøytype_bokmål><Fartøykommune_kode>1244</Fartøykommune_kode><Fartøykommune>AUSTEVOLL</Fartøykommune><Fartøyfylke_kode>12</Fartøyfylke_kode><Fartøyfylke>Hordaland</Fartøyfylke><Fartøynasjonalitet_bokmål>NORGE</Fartøynasjonalitet_bokmål></Fartøy><Mottakendefartøy></Mottakendefartøy><Kvote><KvotefartøyRegMerke>H 0001AV</KvotefartøyRegMerke><Kvotetype_kode>01</Kvotetype_kode><Kvotetype_bokmål>Vanlig kvote</Kvotetype_bokmål></Kvote><Redskap><Redskap_bokmål>Flytetrål</Redskap_bokmål></Redskap><Dellanding><Dellanding_signal>1</Dellanding_signal></Dellanding><Produkt><Produkttilstand_kode>110</Produkttilstand_kode><Produkttilstand_bokmål>Rund</Produkttilstand_bokmål><Konserveringsmåte_kode>22</Konserveringsmåte_kode><Konserveringsmåte_bokmål>Rfw og syre</Konserveringsmåte_bokmål><Landingsmåte_kode>03</Landingsmåte_kode><Landingsmåte_bokmål>tank / båt</Landingsmåte_bokmål><Kvalitet_kode>99</Kvalitet_kode><Kvalitet_bokmål>Uspesifisert</Kvalitet_bokmål><Størrelsesgruppering_kode>3000000</Størrelsesgruppering_kode><Anvendelse_kode>800</Anvendelse_kode><Anvendelse_bokmål>Mel og olje</Anvendelse_bokmål><HovedgruppeAnvendelse_kode>2</HovedgruppeAnvendelse_kode><HovedgruppeAnvendelse_bokmål>Mel og olje</HovedgruppeAnvendelse_bokmål><AntallStykk>0</AntallStykk><Bruttovekt>610000.000</Bruttovekt><Produktvekt>610000.000</Produktvekt><Rundvekt>610000.000</Rundvekt></Produkt><Art><Art_bokmål>Kolmule</Art_bokmål><ArtFAO_kode>WHB</ArtFAO_kode><ArtFAO_bokmål>Kolmule</ArtFAO_bokmål></Art></Seddellinje>
<Seddellinje Dokumentnummer="800001547958" Linjenummer="1" Art_kode="1038" Registreringsmerke_seddel="H 0001AV" Fangstår="2018" SisteFangstdato="01.04.2018" Redskap_kode="53" Hovedområde_kode="43" Lokasjon_kode="39" StørsteLengde="67.0000" Fartøynasjonalitet_kode="NOR" KystHav_kode="0"><Dokumenttype_Kode>0</Dokumenttype_Kode><Dokumenttype_Bokmål>Sluttseddeldokument</Dokumenttype_Bokmål><DokumentVersjonsnummer>5</DokumentVersjonsnummer><DokumentFormulardato>06.04.2018</DokumentFormulardato><DokumentElektroniskDato>16.04.2018 10:56:20</DokumentElektroniskDato><Salgslagdata><SalgslagID>951206091</SalgslagID><Salgslag>Norges Sildesalgslag</Salgslag><Salgslag_kode>08</Salgslag_kode></Salgslagdata><Mottaker><Mottakernasjonalitet_kode>DNK</Mottakernasjonalitet_kode><Mottakernasjonalitet_bokmål>DANMARK</Mottakernasjonalitet_bokmål><Mottaksstasjon>DNK</Mottaksstasjon></Mottaker><Produksjon><Landingsdato>06.04.2018</Landingsdato><Landingsklokkeslett>1124</Landingsklokkeslett><Landingsnasjon_kode>DNK</Landingsnasjon_kode><Landingsnasjon_bokmål>DANMARK</Landingsnasjon_bokmål></Produksjon><Fangstdata><Fangstfelt_kode>04339</Fangstfelt_kode><Hovedområde_bokmål>Vest av Skottland (Hebridene)</Hovedområde_bokmål><Sone_kode>XEU</Sone_kode><Sone_bokmål>EU-sonen</Sone_bokmål><Områdegruppering_bokmål>ICES-avsnitt VIa</Områdegruppering_bokmål><HovedområdeFAO_kode>27</HovedområdeFAO_kode><HovedområdeFAO_bokmål>Nordøstlige Atlanterhav</HovedområdeFAO_bokmål><NordSørFor62GraderNord>Annet</NordSørFor62GraderNord><Fangstdagbok_nummer>201099</Fangstdagbok_nummer><Fangstdagbok_turnummer>999</Fangstdagbok_turnummer></Fangstdata><Fisker><Fiskerkommune_kode>1244</Fiskerkommune_kode><Fiskerkommune>AUSTEVOLL</Fiskerkommune><Fiskernasjonalitet_kode>NOR</Fiskernasjonalitet_kode><Fiskernasjonalitet_bokmål>NORGE</Fiskernasjonalitet_bokmål></Fisker><Fartøy><Fartøynavn>HARVEST</Fartøynavn><FartøyID>2014065794</FartøyID><Radiokallesignal_seddel>LDKY</Radiokallesignal_seddel><Lengdegruppe_kode>5</Lengdegruppe_kode><Lengdegruppe_bokmål>28 m og over</Lengdegruppe_bokmål><Bruttotonnasje1969>2342</Bruttotonnasje1969><Byggeår>2014</Byggeår><Motorkraft>5400</Motorkraft><Motorbyggeår>2013</Motorbyggeår><FartøyGjelderFraDato>01.01.2018</FartøyGjelderFraDato><FartøyGjelderTilDato>05.10.2018 01:00:21</FartøyGjelderTilDato><Fartøytype_kode>01</Fartøytype_kode><Fartøytype_bokmål>Fiskefartøy</Fartøytype_bokmål><Fartøykommune_kode>1244</Fartøykommune_kode><Fartøykommune>AUSTEVOLL</Fartøykommune><Fartøyfylke_kode>12</Fartøyfylke_kode><Fartøyfylke>Hordaland</Fartøyfylke><Fartøynasjonalitet_bokmål>NORGE</Fartøynasjonalitet_bokmål></Fartøy><Mottakendefartøy></Mottakendefartøy><Kvote><KvotefartøyRegMerke>H 0001AV</KvotefartøyRegMerke><Kvotetype_kode>01</Kvotetype_kode><Kvotetype_bokmål>Vanlig kvote</Kvotetype_bokmål></Kvote><Redskap><Redskap_bokmål>Flytetrål</Redskap_bokmål></Redskap><Dellanding><Dellanding_signal>0</Dellanding_signal></Dellanding><Produkt><Produkttilstand_kode>110</Produkttilstand_kode><Produkttilstand_bokmål>Rund</Produkttilstand_bokmål><Konserveringsmåte_kode>22</Konserveringsmåte_kode><Konserveringsmåte_bokmål>Rfw og syre</Konserveringsmåte_bokmål><Landingsmåte_kode>03</Landingsmåte_kode><Landingsmåte_bokmål>tank / båt</Landingsmåte_bokmål><Kvalitet_kode>99</Kvalitet_kode><Kvalitet_bokmål>Uspesifisert</Kvalitet_bokmål><Størrelsesgruppering_kode>3000000</Størrelsesgruppering_kode><Anvendelse_kode>800</Anvendelse_kode><Anvendelse_bokmål>Mel og olje</Anvendelse_bokmål><HovedgruppeAnvendelse_kode>2</HovedgruppeAnvendelse_kode><HovedgruppeAnvendelse_bokmål>Mel og olje</HovedgruppeAnvendelse_bokmål><AntallStykk>0</AntallStykk><Bruttovekt>1755140.000</Bruttovekt><Produktvekt>1755140.000</Produktvekt><Rundvekt>1755140.000</Rundvekt></Produkt><Art><Art_bokmål>Kolmule</Art_bokmål><ArtFAO_kode>WHB</ArtFAO_kode><ArtFAO_bokmål>Kolmule</ArtFAO_bokmål></Art></Seddellinje>
<Seddellinje Dokumentnummer="800001547911" Linjenummer="1" Art_kode="1038" Registreringsmerke_seddel="H 0001BN" Fangstår="2018" SisteFangstdato="26.03.2018" Redskap_kode="53" Hovedområde_kode="48" Lokasjon_kode="30" StørsteLengde="75.4000" Fartøynasjonalitet_kode="NOR" KystHav_kode="0"><Dokumenttype_Kode>0</Dokumenttype_Kode><Dokumenttype_Bokmål>Sluttseddeldokument</Dokumenttype_Bokmål><DokumentVersjonsnummer>3</DokumentVersjonsnummer><DokumentFormulardato>31.03.2018</DokumentFormulardato><DokumentElektroniskDato>06.04.2018 09:10:18</DokumentElektroniskDato><Salgslagdata><SalgslagID>951206091</SalgslagID><Salgslag>Norges Sildesalgslag</Salgslag><Salgslag_kode>08</Salgslag_kode></Salgslagdata><Mottaker><Mottakernasjonalitet_kode>NOR</Mottakernasjonalitet_kode><Mottakernasjonalitet_bokmål>NORGE</Mottakernasjonalitet_bokmål><Mottaksstasjon>600106</Mottaksstasjon></Mottaker><Produksjon><Landingsdato>31.03.2018</Landingsdato><Landingsklokkeslett>0607</Landingsklokkeslett><Landingskommune_kode>1101</Landingskommune_kode><Landingskommune>EIGERSUND</Landingskommune><Landingsfylke_kode>11</Landingsfylke_kode><Landingsfylke>Rogaland</Landingsfylke><Landingsnasjon_kode>NOR</Landingsnasjon_kode><Landingsnasjon_bokmål>NORGE</Landingsnasjon_bokmål></Produksjon><Fangstdata><Fangstfelt_kode>04830</Fangstfelt_kode><Hovedområde_bokmål>Vest av Irland</Hovedområde_bokmål><Sone_kode>XEU</Sone_kode><Sone_bokmål>EU-sonen</Sone_bokmål><Områdegruppering_bokmål>ICES-underavsnitt VIIc2</Områdegruppering_bokmål><HovedområdeFAO_kode>27</HovedområdeFAO_kode><HovedområdeFAO_bokmål>Nordøstlige Atlanterhav</HovedområdeFAO_bokmål><NordSørFor62GraderNord>Annet</NordSørFor62GraderNord><Fangstdagbok_nummer>201099</Fangstdagbok_nummer><Fangstdagbok_turnummer>999</Fangstdagbok_turnummer></Fangstdata><Fisker><Fiskerkommune_kode>1201</Fiskerkommune_kode><Fiskerkommune>BERGEN</Fiskerkommune><Fiskernasjonalitet_kode>NOR</Fiskernasjonalitet_kode><Fiskernasjonalitet_bokmål>NORGE</Fiskernasjonalitet_bokmål></Fisker><Fartøy><Fartøynavn>BRENNHOLM</Fartøynavn><FartøyID>2007037869</FartøyID><Radiokallesignal_seddel>LIWG</Radiokallesignal_seddel><Lengdegruppe_kode>5</Lengdegruppe_kode><Lengdegruppe_bokmål>28 m og over</Lengdegruppe_bokmål><Bruttotonnasje1969>2715</Bruttotonnasje1969><Byggeår>2004</Byggeår><Motorkraft>6870</Motorkraft><Motorbyggeår>2007</Motorbyggeår><FartøyGjelderFraDato>01.01.2018</FartøyGjelderFraDato><FartøyGjelderTilDato>05.10.2018 01:00:21</FartøyGjelderTilDato><Fartøytype_kode>01</Fartøytype_kode><Fartøytype_bokmål>Fiskefartøy</Fartøytype_bokmål><Fartøykommune_kode>1201</Fartøykommune_kode><Fartøykommune>BERGEN</Fartøykommune><Fartøyfylke_kode>12</Fartøyfylke_kode><Fartøyfylke>Hordaland</Fartøyfylke><Fartøynasjonalitet_bokmål>NORGE</Fartøynasjonalitet_bokmål></Fartøy><Mottakendefartøy></Mottakendefartøy><Kvote><KvotefartøyRegMerke>H 0001BN</KvotefartøyRegMerke><Kvotetype_kode>01</Kvotetype_kode><Kvotetype_bokmål>Vanlig kvote</Kvotetype_bokmål></Kvote><Redskap><Redskap_bokmål>Flytetrål</Redskap_bokmål></Redskap><Dellanding><Dellanding_signal>0</Dellanding_signal></Dellanding><Produkt><Produkttilstand_kode>110</Produkttilstand_kode><Produkttilstand_bokmål>Rund</Produkttilstand_bokmål><Konserveringsmåte_kode>27</Konserveringsmåte_kode><Konserveringsmåte_bokmål>Rfw + "Soft Eddik"</Konserveringsmåte_bokmål><Landingsmåte_kode>03</Landingsmåte_kode><Landingsmåte_bokmål>tank / båt</Landingsmåte_bokmål><Kvalitet_kode>99</Kvalitet_kode><Kvalitet_bokmål>Uspesifisert</Kvalitet_bokmål><Størrelsesgruppering_kode>3000000</Størrelsesgruppering_kode><Anvendelse_kode>800</Anvendelse_kode><Anvendelse_bokmål>Mel og olje</Anvendelse_bokmål><HovedgruppeAnvendelse_kode>2</HovedgruppeAnvendelse_kode><HovedgruppeAnvendelse_bokmål>Mel og olje</HovedgruppeAnvendelse_bokmål><AntallStykk>0</AntallStykk><Bruttovekt>1872999.000</Bruttovekt><Produktvekt>1872999.000</Produktvekt><Rundvekt>1872999.000</Rundvekt></Produkt><Art><Art_bokmål>Kolmule</Art_bokmål><ArtFAO_kode>WHB</ArtFAO_kode><ArtFAO_bokmål>Kolmule</ArtFAO_bokmål></Art></Seddellinje>
<Seddellinje Dokumentnummer="800001546650" Linjenummer="5" Art_kode="1038" Registreringsmerke_seddel="H 0001BN" Fangstår="2018" SisteFangstdato="19.01.2018" Redskap_kode="11" Hovedområde_kode="36" Lokasjon_kode="05" StørsteLengde="75.4000" Fartøynasjonalitet_kode="NOR" KystHav_kode="0"><Dokumenttype_Kode>0</Dokumenttype_Kode><Dokumenttype_Bokmål>Sluttseddeldokument</Dokumenttype_Bokmål><DokumentVersjonsnummer>3</DokumentVersjonsnummer><DokumentFormulardato>22.01.2018</DokumentFormulardato><DokumentElektroniskDato>24.01.2018 14:08:25</DokumentElektroniskDato><Salgslagdata><SalgslagID>951206091</SalgslagID><Salgslag>Norges Sildesalgslag</Salgslag><Salgslag_kode>08</Salgslag_kode></Salgslagdata><Mottaker><Mottakernasjonalitet_kode>NOR</Mottakernasjonalitet_kode><Mottakernasjonalitet_bokmål>NORGE</Mottakernasjonalitet_bokmål><Mottaksstasjon>ST131</Mottaksstasjon></Mottaker><Produksjon><Landingsdato>22.01.2018</Landingsdato><Landingsklokkeslett>1344</Landingsklokkeslett><Landingskommune_kode>5015</Landingskommune_kode><Landingskommune>ØRLAND</Landingskommune><Landingsfylke_kode>50</Landingsfylke_kode><Landingsfylke>Trøndelag</Landingsfylke><Landingsnasjon_kode>NOR</Landingsnasjon_kode><Landingsnasjon_bokmål>NORGE</Landingsnasjon_bokmål></Produksjon><Fangstdata><Fangstfelt_kode>03605</Fangstfelt_kode><Hovedområde_bokmål>Vestlige Norskehav</Hovedområde_bokmål><Sone_kode>XNS</Sone_kode><Sone_bokmål>Internasjonalt område (NEAFC) - Norskehavet ("Smutthavet")</Sone_bokmål><Områdegruppering_bokmål>ICES-underavsnitt IIa1</Områdegruppering_bokmål><HovedområdeFAO_kode>27</HovedområdeFAO_kode><HovedområdeFAO_bokmål>Nordøstlige Atlanterhav</HovedområdeFAO_bokmål><NordSørFor62GraderNord>Nord for 62°N</NordSørFor62GraderNord><Fangstdagbok_nummer>201099</Fangstdagbok_nummer><Fangstdagbok_turnummer>999</Fangstdagbok_turnummer></Fangstdata><Fisker><Fiskerkommune_kode>1201</Fiskerkommune_kode><Fiskerkommune>BERGEN</Fiskerkommune><Fiskernasjonalitet_kode>NOR</Fiskernasjonalitet_kode><Fiskernasjonalitet_bokmål>NORGE</Fiskernasjonalitet_bokmål></Fisker><Fartøy><Fartøynavn>BRENNHOLM</Fartøynavn><FartøyID>2007037869</FartøyID><Radiokallesignal_seddel>LIWG</Radiokallesignal_seddel><Lengdegruppe_kode>5</Lengdegruppe_kode><Lengdegruppe_bokmål>28 m og over</Lengdegruppe_bokmål><Bruttotonnasje1969>2715</Bruttotonnasje1969><Byggeår>2004</Byggeår><Motorkraft>6870</Motorkraft><Motorbyggeår>2007</Motorbyggeår><FartøyGjelderFraDato>01.01.2018</FartøyGjelderFraDato><FartøyGjelderTilDato>05.10.2018 01:00:21</FartøyGjelderTilDato><Fartøytype_kode>01</Fartøytype_kode><Fartøytype_bokmål>Fiskefartøy</Fartøytype_bokmål><Fartøykommune_kode>1201</Fartøykommune_kode><Fartøykommune>BERGEN</Fartøykommune><Fartøyfylke_kode>12</Fartøyfylke_kode><Fartøyfylke>Hordaland</Fartøyfylke><Fartøynasjonalitet_bokmål>NORGE</Fartøynasjonalitet_bokmål></Fartøy><Mottakendefartøy></Mottakendefartøy><Kvote><KvotefartøyRegMerke>H 0001BN</KvotefartøyRegMerke><Kvotetype_kode>01</Kvotetype_kode><Kvotetype_bokmål>Vanlig kvote</Kvotetype_bokmål></Kvote><Redskap><Redskap_bokmål>Snurpenot/ringnot</Redskap_bokmål></Redskap><Dellanding><Dellanding_signal>0</Dellanding_signal></Dellanding><Produkt><Produkttilstand_kode>110</Produkttilstand_kode><Produkttilstand_bokmål>Rund</Produkttilstand_bokmål><Konserveringsmåte_kode>11</Konserveringsmåte_kode><Konserveringsmåte_bokmål>Rsw</Konserveringsmåte_bokmål><Landingsmåte_kode>03</Landingsmåte_kode><Landingsmåte_bokmål>tank / båt</Landingsmåte_bokmål><Kvalitet_kode>99</Kvalitet_kode><Kvalitet_bokmål>Uspesifisert</Kvalitet_bokmål><Størrelsesgruppering_kode>3000000</Størrelsesgruppering_kode><Anvendelse_kode>110</Anvendelse_kode><Anvendelse_bokmål>Fersk eksport (også ising)</Anvendelse_bokmål><HovedgruppeAnvendelse_kode>1</HovedgruppeAnvendelse_kode><HovedgruppeAnvendelse_bokmål>Konsum</HovedgruppeAnvendelse_bokmål><AntallStykk>0</AntallStykk><Bruttovekt>1877.000</Bruttovekt><Produktvekt>1839.000</Produktvekt><Rundvekt>1839.000</Rundvekt></Produkt><Art><Art_bokmål>Kolmule</Art_bokmål><ArtFAO_kode>WHB</ArtFAO_kode><ArtFAO_bokmål>Kolmule</ArtFAO_bokmål></Art></Seddellinje>
<Seddellinje Dokumentnummer="800001547965" Linjenummer="1" Art_kode="1038" Registreringsmerke_seddel="H 0001BN" Fangstår="2018" SisteFangstdato="03.04.2018" Redskap_kode="53" Hovedområde_kode="43" Lokasjon_kode="46" StørsteLengde="75.4000" Fartøynasjonalitet_kode="NOR" KystHav_kode="0"><Dokumenttype_Kode>0</Dokumenttype_Kode><Dokumenttype_Bokmål>Sluttseddeldokument</Dokumenttype_Bokmål><DokumentVersjonsnummer>3</DokumentVersjonsnummer><DokumentFormulardato>05.04.2018</DokumentFormulardato><DokumentElektroniskDato>17.04.2018 13:42:20</DokumentElektroniskDato><Salgslagdata><SalgslagID>951206091</SalgslagID><Salgslag>Norges Sildesalgslag</Salgslag><Salgslag_kode>08</Salgslag_kode></Salgslagdata><Mottaker><Mottakernasjonalitet_kode>NOR</Mottakernasjonalitet_kode><Mottakernasjonalitet_bokmål>NORGE</Mottakernasjonalitet_bokmål><Mottaksstasjon>600106</Mottaksstasjon></Mottaker><Produksjon><Landingsdato>05.04.2018</Landingsdato><Landingsklokkeslett>1818</Landingsklokkeslett><Landingskommune_kode>1101</Landingskommune_kode><Landingskommune>EIGERSUND</Landingskommune><Landingsfylke_kode>11</Landingsfylke_kode><Landingsfylke>Rogaland</Landingsfylke><Landingsnasjon_kode>NOR</Landingsnasjon_kode><Landingsnasjon_bokmål>NORGE</Landingsnasjon_bokmål></Produksjon><Fangstdata><Fangstfelt_kode>04346</Fangstfelt_kode><Hovedområde_bokmål>Vest av Skottland (Hebridene)</Hovedområde_bokmål><Sone_kode>XEU</Sone_kode><Sone_bokmål>EU-sonen</Sone_bokmål><Områdegruppering_bokmål>ICES-avsnitt VIa</Områdegruppering_bokmål><HovedområdeFAO_kode>27</HovedområdeFAO_kode><HovedområdeFAO_bokmål>Nordøstlige Atlanterhav</HovedområdeFAO_bokmål><NordSørFor62GraderNord>Annet</NordSørFor62GraderNord><Fangstdagbok_nummer>201099</Fangstdagbok_nummer><Fangstdagbok_turnummer>999</Fangstdagbok_turnummer></Fangstdata><Fisker><Fiskerkommune_kode>1201</Fiskerkommune_kode><Fiskerkommune>BERGEN</Fiskerkommune><Fiskernasjonalitet_kode>NOR</Fiskernasjonalitet_kode><Fiskernasjonalitet_bokmål>NORGE</Fiskernasjonalitet_bokmål></Fisker><Fartøy><Fartøynavn>BRENNHOLM</Fartøynavn><FartøyID>2007037869</FartøyID><Radiokallesignal_seddel>LIWG</Radiokallesignal_seddel><Lengdegruppe_kode>5</Lengdegruppe_kode><Lengdegruppe_bokmål>28 m og over</Lengdegruppe_bokmål><Bruttotonnasje1969>2715</Bruttotonnasje1969><Byggeår>2004</Byggeår><Motorkraft>6870</Motorkraft><Motorbyggeår>2007</Motorbyggeår><FartøyGjelderFraDato>01.01.2018</FartøyGjelderFraDato><FartøyGjelderTilDato>05.10.2018 01:00:21</FartøyGjelderTilDato><Fartøytype_kode>01</Fartøytype_kode><Fartøytype_bokmål>Fiskefartøy</Fartøytype_bokmål><Fartøykommune_kode>1201</Fartøykommune_kode><Fartøykommune>BERGEN</Fartøykommune><Fartøyfylke_kode>12</Fartøyfylke_kode><Fartøyfylke>Hordaland</Fartøyfylke><Fartøynasjonalitet_bokmål>NORGE</Fartøynasjonalitet_bokmål></Fartøy><Mottakendefartøy></Mottakendefartøy><Kvote><KvotefartøyRegMerke>H 0001BN</KvotefartøyRegMerke><Kvotetype_kode>01</Kvotetype_kode><Kvotetype_bokmål>Vanlig kvote</Kvotetype_bokmål></Kvote><Redskap><Redskap_bokmål>Flytetrål</Redskap_bokmål></Redskap><Dellanding><Dellanding_signal>0</Dellanding_signal></Dellanding><Produkt><Produkttilstand_kode>110</Produkttilstand_kode><Produkttilstand_bokmål>Rund</Produkttilstand_bokmål><Konserveringsmåte_kode>22</Konserveringsmåte_kode><Konserveringsmåte_bokmål>Rfw og syre</Konserveringsmåte_bokmål><Landingsmåte_kode>03</Landingsmåte_kode><Landingsmåte_bokmål>tank / båt</Landingsmåte_bokmål><Kvalitet_kode>99</Kvalitet_kode><Kvalitet_bokmål>Uspesifisert</Kvalitet_bokmål><Størrelsesgruppering_kode>3000000</Størrelsesgruppering_kode><Anvendelse_kode>800</Anvendelse_kode><Anvendelse_bokmål>Mel og olje</Anvendelse_bokmål><HovedgruppeAnvendelse_kode>2</HovedgruppeAnvendelse_kode><HovedgruppeAnvendelse_bokmål>Mel og olje</HovedgruppeAnvendelse_bokmål><AntallStykk>0</AntallStykk><Bruttovekt>1771414.000</Bruttovekt><Produktvekt>1771414.000</Produktvekt><Rundvekt>1771414.000</Rundvekt></Produkt><Art><Art_bokmål>Kolmule</Art_bokmål><ArtFAO_kode>WHB</ArtFAO_kode><ArtFAO_bokmål>Kolmule</ArtFAO_bokmål></Art></Seddellinje>
<Seddellinje Dokumentnummer="800001547653" Linjenummer="1" Art_kode="1038" Registreringsmerke_seddel="H 0001BN" Fangstår="2018" SisteFangstdato="04.03.2018" Redskap_kode="53" Hovedområde_kode="48" Lokasjon_kode="11" StørsteLengde="75.4000" Fartøynasjonalitet_kode="NOR" KystHav_kode="0"><Dokumenttype_Kode>0</Dokumenttype_Kode><Dokumenttype_Bokmål>Sluttseddeldokument</Dokumenttype_Bokmål><DokumentVersjonsnummer>3</DokumentVersjonsnummer><DokumentFormulardato>09.03.2018</DokumentFormulardato><DokumentElektroniskDato>20.03.2018 09:20:18</DokumentElektroniskDato><Salgslagdata><SalgslagID>951206091</SalgslagID><Salgslag>Norges Sildesalgslag</Salgslag><Salgslag_kode>08</Salgslag_kode></Salgslagdata><Mottaker><Mottakernasjonalitet_kode>NOR</Mottakernasjonalitet_kode><Mottakernasjonalitet_bokmål>NORGE</Mottakernasjonalitet_bokmål><Mottaksstasjon>600106</Mottaksstasjon></Mottaker><Produksjon><Landingsdato>09.03.2018</Landingsdato><Landingsklokkeslett>2122</Landingsklokkeslett><Landingskommune_kode>1101</Landingskommune_kode><Landingskommune>EIGERSUND</Landingskommune><Landingsfylke_kode>11</Landingsfylke_kode><Landingsfylke>Rogaland</Landingsfylke><Landingsnasjon_kode>NOR</Landingsnasjon_kode><Landingsnasjon_bokmål>NORGE</Landingsnasjon_bokmål></Produksjon><Fangstdata><Fangstfelt_kode>04811</Fangstfelt_kode><Hovedområde_bokmål>Vest av Irland</Hovedområde_bokmål><Sone_kode>XRR</Sone_kode><Sone_bokmål>Internasjonalt område (NEAFC)- Irmingerhavet/Reykjanesryggen</Sone_bokmål><Områdegruppering_bokmål>ICES-underavsnitt VIIc1</Områdegruppering_bokmål><HovedområdeFAO_kode>27</HovedområdeFAO_kode><HovedområdeFAO_bokmål>Nordøstlige Atlanterhav</HovedområdeFAO_bokmål><NordSørFor62GraderNord>Annet</NordSørFor62GraderNord><Fangstdagbok_nummer>201099</Fangstdagbok_nummer><Fangstdagbok_turnummer>999</Fangstdagbok_turnummer></Fangstdata><Fisker><Fiskerkommune_kode>1201</Fiskerkommune_kode><Fiskerkommune>BERGEN</Fiskerkommune><Fiskernasjonalitet_kode>NOR</Fiskernasjonalitet_kode><Fiskernasjonalitet_bokmål>NORGE</Fiskernasjonalitet_bokmål></Fisker><Fartøy><Fartøynavn>BRENNHOLM</Fartøynavn><FartøyID>2007037869</FartøyID><Radiokallesignal_seddel>LIWG</Radiokallesignal_seddel><Lengdegruppe_kode>5</Lengdegruppe_kode><Lengdegruppe_bokmål>28 m og over</Lengdegruppe_bokmål><Bruttotonnasje1969>2715</Bruttotonnasje1969><Byggeår>2004</Byggeår><Motorkraft>6870</Motorkraft><Motorbyggeår>2007</Motorbyggeår><FartøyGjelderFraDato>01.01.2018</FartøyGjelderFraDato><FartøyGjelderTilDato>05.10.2018 01:00:21</FartøyGjelderTilDato><Fartøytype_kode>01</Fartøytype_kode><Fartøytype_bokmål>Fiskefartøy</Fartøytype_bokmål><Fartøykommune_kode>1201</Fartøykommune_kode><Fartøykommune>BERGEN</Fartøykommune><Fartøyfylke_kode>12</Fartøyfylke_kode><Fartøyfylke>Hordaland</Fartøyfylke><Fartøynasjonalitet_bokmål>NORGE</Fartøynasjonalitet_bokmål></Fartøy><Mottakendefartøy></Mottakendefartøy><Kvote><KvotefartøyRegMerke>H 0001BN</KvotefartøyRegMerke><Kvotetype_kode>01</Kvotetype_kode><Kvotetype_bokmål>Vanlig kvote</Kvotetype_bokmål></Kvote><Redskap><Redskap_bokmål>Flytetrål</Redskap_bokmål></Redskap><Dellanding><Dellanding_signal>0</Dellanding_signal></Dellanding><Produkt><Produkttilstand_kode>110</Produkttilstand_kode><Produkttilstand_bokmål>Rund</Produkttilstand_bokmål><Konserveringsmåte_kode>22</Konserveringsmåte_kode><Konserveringsmåte_bokmål>Rfw og syre</Konserveringsmåte_bokmål><Landingsmåte_kode>03</Landingsmåte_kode><Landingsmåte_bokmål>tank / båt</Landingsmåte_bokmål><Kvalitet_kode>99</Kvalitet_kode><Kvalitet_bokmål>Uspesifisert</Kvalitet_bokmål><Størrelsesgruppering_kode>3000000</Størrelsesgruppering_kode><Anvendelse_kode>800</Anvendelse_kode><Anvendelse_bokmål>Mel og olje</Anvendelse_bokmål><HovedgruppeAnvendelse_kode>2</HovedgruppeAnvendelse_kode><HovedgruppeAnvendelse_bokmål>Mel og olje</HovedgruppeAnvendelse_bokmål><AntallStykk>0</AntallStykk><Bruttovekt>1811685.000</Bruttovekt><Produktvekt>1811685.000</Produktvekt><Rundvekt>1811685.000</Rundvekt></Produkt><Art><Art_bokmål>Kolmule</Art_bokmål><ArtFAO_kode>WHB</ArtFAO_kode><ArtFAO_bokmål>Kolmule</ArtFAO_bokmål></Art></Seddellinje>
