<?xml version="1.0" encoding="UTF-8"?>
<echosounder_dataset>
   <report_time>2016-02-13 11:23:49</report_time>
   <lsss_version>1.10.0-rc1</lsss_version>
   <nation>578</nation>
   <platform>3303</platform>
   <cruise>2016834</cruise>
   <distance_list>
      <distance log_start="41.99614" start_time="2016-02-03 13:24:53">
         <stop_time>2016-02-03 13:31:55</stop_time>
         <integrator_dist>1.0</integrator_dist>
         <pel_ch_thickness>10.0</pel_ch_thickness>
         <bot_ch_thickness></bot_ch_thickness>
         <include_estimate>1</include_estimate>
         <lat_start>62.982086</lat_start>
         <lat_stop>62.988144</lat_stop>
         <lon_start>6.777425</lon_start>
         <lon_stop>6.752275</lon_stop>
         <frequency freq="38000" transceiver="2">
            <threshold>-80.0</threshold>
            <num_pel_ch>14</num_pel_ch>
            <num_bot_ch>0</num_bot_ch>
            <min_bot_depth>0.0</min_bot_depth>
            <max_bot_depth>139.75665</max_bot_depth>
            <upper_interpret_depth>10.0</upper_interpret_depth>
            <lower_interpret_depth>510.0</lower_interpret_depth>
            <upper_integrator_depth>15.0</upper_integrator_depth>
            <lower_integrator_depth>510.0</lower_integrator_depth>
            <quality>1</quality>
            <bubble_corr>1.0</bubble_corr>
            <ch_type type="P">
               <sa_by_acocat acocat="1">
                  <sa ch="10">0.004146135</sa>
                  <sa ch="11">0.13592543</sa>
                  <sa ch="12">2.5999217</sa>
                  <sa ch="13">6.100915</sa>
                  <sa ch="14">0.29321223</sa>
               </sa_by_acocat>
               <sa_by_acocat acocat="6">
                  <sa ch="2">0.2446691</sa>
                  <sa ch="3">0.223011</sa>
                  <sa ch="4">0.9882782</sa>
                  <sa ch="5">1.8646894</sa>
                  <sa ch="6">17.971697</sa>
                  <sa ch="7">0.22084633</sa>
                  <sa ch="8">0.07104639</sa>
                  <sa ch="9">0.0362342</sa>
                  <sa ch="10">0.057086695</sa>
               </sa_by_acocat>
            </ch_type>
         </frequency>
      </distance>
      <distance log_start="42.99763" start_time="2016-02-03 13:31:55">
         <stop_time>2016-02-03 13:38:38</stop_time>
         <integrator_dist>1.0</integrator_dist>
         <pel_ch_thickness>10.0</pel_ch_thickness>
         <bot_ch_thickness></bot_ch_thickness>
         <include_estimate>1</include_estimate>
         <lat_start>62.988144</lat_start>
         <lat_stop>62.98655</lat_stop>
         <lon_start>6.752275</lon_start>
         <lon_stop>6.7155232</lon_stop>
         <frequency freq="38000" transceiver="2">
            <threshold>-80.0</threshold>
            <num_pel_ch>25</num_pel_ch>
            <num_bot_ch>0</num_bot_ch>
            <min_bot_depth>0.0</min_bot_depth>
            <max_bot_depth>246.47745</max_bot_depth>
            <upper_interpret_depth>10.0</upper_interpret_depth>
            <lower_interpret_depth>250.0</lower_interpret_depth>
            <upper_integrator_depth>15.0</upper_integrator_depth>
            <lower_integrator_depth>250.0</lower_integrator_depth>
            <quality>1</quality>
            <bubble_corr>1.0</bubble_corr>
            <ch_type type="P">
               <sa_by_acocat acocat="1">
                  <sa ch="10">0.08234419</sa>
                  <sa ch="11">3.8172383</sa>
                  <sa ch="12">2.1538446</sa>
                  <sa ch="13">3.2021396</sa>
                  <sa ch="14">2.1590269</sa>
                  <sa ch="15">0.8031001</sa>
                  <sa ch="16">1.0432289</sa>
                  <sa ch="17">2.0500047</sa>
                  <sa ch="18">3.5706267</sa>
                  <sa ch="19">2.9863622</sa>
                  <sa ch="20">4.8556767</sa>
                  <sa ch="21">4.6251764</sa>
                  <sa ch="22">4.2698884</sa>
                  <sa ch="23">3.348208</sa>
                  <sa ch="24">3.0258799</sa>
                  <sa ch="25">0.032047328</sa>
               </sa_by_acocat>
               <sa_by_acocat acocat="6">
                  <sa ch="2">0.3871266</sa>
                  <sa ch="3">1.3170655</sa>
                  <sa ch="4">0.28927192</sa>
                  <sa ch="5">1.4946079</sa>
                  <sa ch="6">2.1355493</sa>
                  <sa ch="7">1.5166496</sa>
                  <sa ch="8">1.1717924</sa>
                  <sa ch="9">1.340864</sa>
                  <sa ch="10">1.0308352</sa>
               </sa_by_acocat>
            </ch_type>
         </frequency>
      </distance>
   </distance_list>
   <acocat_list>
      <acocat acocat="1">
         <purpose>3</purpose>
      </acocat>
      <acocat acocat="6">
         <purpose>3</purpose>
      </acocat>
      <acocat acocat="12">
         <purpose>1</purpose>
      </acocat>
      <acocat acocat="21">
         <purpose>2</purpose>
      </acocat>
   </acocat_list>
</echosounder_dataset>
