{
      "AreaPosition": {
  		"$schema": "http://json-schema.org/draft-04/schema#",
  		"type": "array",
  		"items": [
  			{
  				"type": "object",
  				"properties": {
  					"Area": { "type": "string"},
  					"Location": { "type": [ "string", "null" ]},
  					"Latitude": { "type": "number"},
  					"Longitude": { "type": "number"}
  				},
  				"required": [
  					"Area",
  					"Location",
  					"Latitude",
  					"Longitude"
  				]
  			}
  		]
  	},
      "TemporalDefinition": {
  		"$schema": "http://json-schema.org/draft-04/schema#",
  		"type": "array",
  		"items": [
  			{
  				"type": "object",
  				"properties": {
  					"Period": { "type": "string"},
  					"StartDay": { "type": "number"},
  					"StartMonth": { "type": "number"},
  					"StartYear": { "type": ["number", "string"]}
  				},
  				"required": [
  					"Period",
  					"StartDay",
  					"StartMonth"
  				]
  			}
  		]
  	},
      "WeightConversionTable": {
  		"$schema": "http://json-schema.org/draft-04/schema#",
  		"type": "array",
  		"items": [
  			{
  				"type": "object",
  				"properties": {
  					"Description": { "type": "string"},
  					"Species": { "type": "string"},
  					"ProductType": { "type": "string"},
  					"WeightFactor": { "type": "number"}
  				},
  				"required": [
  					"Description",
  					"Species",
  					"ProductType",
					"WeightFactor"
  				]
  			}
  		]
  	},
      "LengthConversionTable": {
  		"$schema": "http://json-schema.org/draft-04/schema#",
  		"type": "array",
  		"items": [
  			{
  				"type": "object",
  				"properties": {
  					"Description": { "type": "string"},
  					"Species": { "type": "string"},
  					"MeasurementType": { "type": "string"},
  					"Alpha": { "type": "number"},
  					"Beta": { "type": "number"}
  				},
  				"required": [
  					"Description",
  					"Species",
  					"MeasurementType",
					  "Alpha",
					  "Beta"
  				]
  			}
  		]
  	},
  	"CarNeighbours": {
  		"$schema": "http://json-schema.org/draft-04/schema#",
  		"type": "array",
  		"items": [
  			{
  				"type": "object",
  				"properties": {
  					"CarValues": { "type": "string"},
  					"Neighbours": { "type": "string"}
  				},
  				"required": [
  					"CarValues",
  					"Neighbours"
  				]
  			}
  		]
  	},
  	"StockSplittingParameters": {
  		"$schema": "http://json-schema.org/draft-04/schema#",
  		"type": "array",
  		"items": [
  			{
  				"type": "object",
  				"properties": {
  					"StockNameCC": { "type": "string"},
  					"StockNameS": { "type": "string"},
  					"ProbabilityType1As1": { "type": "number"},
  					"ProbabilityType5As1": { "type": "number"},
  					"ProbabilityType2As2": { "type": "number"},
  					"ProbabilityType4As2": { "type": "number"},
  					"ProbabilityType2As4": { "type": "number"},
  					"ProbabilityType4As4": { "type": "number"},
  					"ProbabilityType1As5": { "type": "number"},
  					"ProbabilityType5As5": { "type": "number"}
  				},
  				"required": [
  					"StockNameCC",
  					"StockNameS",
  					"ProbabilityType1As1",
            "ProbabilityType5As1",
            "ProbabilityType2As2",
            "ProbabilityType4As2",
            "ProbabilityType2As4",
            "ProbabilityType4As4",
            "ProbabilityType1As5",
            "ProbabilityType5As5"
  				]
  			}
  		]
  	},
  	"AgeErrorMatrix": {
  		"$schema": "http://json-schema.org/draft-04/schema#",
  		"type": "array",
  		"items": [
  		  {
  		    "type": "object",
  		    "properties":{
  		     "0" : { "type": "number" },
  		     "1" : { "type": "number" },
  		     "2" : { "type": "number" },
  		     "3" : { "type": "number" },
  		     "4" : { "type": "number" },
  		     "5" : { "type": "number" },
  		     "6" : { "type": "number" },
  		     "7" : { "type": "number" },
  		     "8" : { "type": "number" },
  		     "9" : { "type": "number" },
  		     "10" : { "type": "number" },
  		     "11" : { "type": "number" },
  		     "12" : { "type": "number" },
  		     "13" : { "type": "number" },
  		     "14" : { "type": "number" },
  		     "15" : { "type": "number" },
  		     "16" : { "type": "number" },
  		     "17" : { "type": "number" },
  		     "18" : { "type": "number" },
  		     "19" : { "type": "number" },
  		     "20" : { "type": "number" },
  		     "21" : { "type": "number" },
  		     "22" : { "type": "number" },
  		     "23" : { "type": "number" },
  		     "24" : { "type": "number" },
  		     "25" : { "type": "number" },
  		     "26" : { "type": "number" },
  		     "27" : { "type": "number" },
  		     "28" : { "type": "number" },
  		     "29" : { "type": "number" },
  		     "30" : { "type": "number" },
  		     "31" : { "type": "number" },
  		     "32" : { "type": "number" },
  		     "33" : { "type": "number" },
  		     "34" : { "type": "number" },
  		     "35" : { "type": "number" },
  		     "36" : { "type": "number" },
  		     "37" : { "type": "number" },
  		     "38" : { "type": "number" },
  		     "39" : { "type": "number" },
  		     "40" : { "type": "number" },
  		     "41" : { "type": "number" },
  		     "42" : { "type": "number" },
  		     "43" : { "type": "number" },
  		     "44" : { "type": "number" },
  		     "45" : { "type": "number" },
  		     "46" : { "type": "number" },
  		     "47" : { "type": "number" },
  		     "48" : { "type": "number" },
  		     "49" : { "type": "number" },
  		     "50" : { "type": "number" },
  		     "51" : { "type": "number" },
  		     "52" : { "type": "number" },
  		     "53" : { "type": "number" },
  		     "54" : { "type": "number" },
  		     "55" : { "type": "number" },
  		     "56" : { "type": "number" },
  		     "57" : { "type": "number" },
  		     "58" : { "type": "number" },
  		     "59" : { "type": "number" },
  		     "60" : { "type": "number" },
  		     "61" : { "type": "number" },
  		     "62" : { "type": "number" },
  		     "63" : { "type": "number" },
  		     "64" : { "type": "number" },
  		     "65" : { "type": "number" },
  		     "66" : { "type": "number" },
  		     "67" : { "type": "number" },
  		     "68" : { "type": "number" },
  		     "69" : { "type": "number" },
  		     "70" : { "type": "number" },
  		     "71" : { "type": "number" },
  		     "72" : { "type": "number" },
  		     "73" : { "type": "number" },
  		     "74" : { "type": "number" },
  		     "75" : { "type": "number" },
  		     "76" : { "type": "number" },
  		     "77" : { "type": "number" },
  		     "78" : { "type": "number" },
  		     "79" : { "type": "number" },
  		     "80" : { "type": "number" },
  		     "81" : { "type": "number" },
  		     "82" : { "type": "number" },
  		     "83" : { "type": "number" },
  		     "84" : { "type": "number" },
  		     "85" : { "type": "number" },
  		     "86" : { "type": "number" },
  		     "87" : { "type": "number" },
  		     "88" : { "type": "number" },
  		     "89" : { "type": "number" },
  		     "90" : { "type": "number" },
  		     "91" : { "type": "number" },
  		     "92" : { "type": "number" },
  		     "93" : { "type": "number" },
  		     "94" : { "type": "number" },
  		     "95" : { "type": "number" },
  		     "96" : { "type": "number" },
  		     "97" : { "type": "number" },
  		     "98" : { "type": "number" },
  		     "99" : { "type": "number" },
  		     "100" : { "type": "number" },
  		     "ReadAge" : { "type": "string" }
  		    },
  		    "required": [
  					"ReadAge"
  				]
  		  }
  		  
  		  ]
  	},
  	"StratumPolygon": {
		"$schema": "https://json-schema.org/draft/2020-12/schema",
		"$id": "https://geojson.org/schema/FeatureCollection.json",
		"title": "GeoJSON FeatureCollection",
		"type": "object",
		"required": [
			"type",
			"features"
		],
		"properties": {
			"type": {
				"type": "string",
				"enum": [
					"FeatureCollection"
				]
			},
			"features": {
				"type": "array",
				"items": {
					"title": "GeoJSON Feature",
					"type": "object",
					"required": [
						"type",
						"properties",
						"geometry"
					],
					"properties": {
						"type": {
							"type": "string",
							"enum": [
								"Feature"
							]
						},
						"properties": {
							"oneOf": [
								{
									"type": "null"
								},
								{
									"type": "object"
								}
							]
						},
						"geometry": {
							"oneOf": [
								{
									"type": "null"
								},
								{
									"title": "GeoJSON Polygon",
									"type": "object",
									"required": [
										"type",
										"coordinates"
									],
									"properties": {
										"type": {
											"type": "string",
											"enum": [
												"Polygon"
											]
										},
										"coordinates": {
											"type": "array",
											"items": {
												"type": "array",
												"minItems": 4,
												"items": {
													"type": "array",
													"minItems": 2,
													"items": {
														"type": "number"
													}
												}
											}
										},
										"bbox": {
											"type": "array",
											"minItems": 4,
											"items": {
												"type": "number"
											}
										}
									}
								},
								{
									"title": "GeoJSON MultiPolygon",
									"type": "object",
									"required": [
										"type",
										"coordinates"
									],
									"properties": {
										"type": {
											"type": "string",
											"enum": [
												"MultiPolygon"
											]
										},
										"coordinates": {
											"type": "array",
											"items": {
												"type": "array",
												"items": {
													"type": "array",
													"minItems": 4,
													"items": {
														"type": "array",
														"minItems": 2,
														"items": {
															"type": "number"
														}
													}
												}
											}
										},
										"bbox": {
											"type": "array",
											"minItems": 4,
											"items": {
												"type": "number"
											}
										}
									}
								},
								{
									"title": "GeoJSON GeometryCollection",
									"type": "object",
									"required": [
										"type",
										"geometries"
									],
									"properties": {
										"type": {
											"type": "string",
											"enum": [
												"GeometryCollection"
											]
										},
										"geometries": {
											"type": "array",
											"items": {
												"oneOf": [
													{
														"title": "GeoJSON Polygon",
														"type": "object",
														"required": [
															"type",
															"coordinates"
														],
														"properties": {
															"type": {
																"type": "string",
																"enum": [
																	"Polygon"
																]
															},
															"coordinates": {
																"type": "array",
																"items": {
																	"type": "array",
																	"minItems": 4,
																	"items": {
																		"type": "array",
																		"minItems": 2,
																		"items": {
																			"type": "number"
																		}
																	}
																}
															},
															"bbox": {
																"type": "array",
																"minItems": 4,
																"items": {
																	"type": "number"
																}
															}
														}
													},
													{
														"title": "GeoJSON MultiPolygon",
														"type": "object",
														"required": [
															"type",
															"coordinates"
														],
														"properties": {
															"type": {
																"type": "string",
																"enum": [
																	"MultiPolygon"
																]
															},
															"coordinates": {
																"type": "array",
																"items": {
																	"type": "array",
																	"items": {
																		"type": "array",
																		"minItems": 4,
																		"items": {
																			"type": "array",
																			"minItems": 2,
																			"items": {
																				"type": "number"
																			}
																		}
																	}
																}
															},
															"bbox": {
																"type": "array",
																"minItems": 4,
																"items": {
																	"type": "number"
																}
															}
														}
													}
												]
											}
										},
										"bbox": {
											"type": "array",
											"minItems": 4,
											"items": {
												"type": "number"
											}
										}
									}
								}
							]
						},
						"bbox": {
							"type": "array",
							"minItems": 4,
							"items": {
								"type": "number"
							}
						}
					}
				}
			},
			"bbox": {
				"type": "array",
				"minItems": 4,
				"items": {
					"type": "number"
				}
			}
		}
	}
}
