{
      "AreaPosition": {
  		"$schema": "http://json-schema.org/draft-04/schema#",
  		"type": "array",
  		"items": [
  			{
  				"type": "object",
  				"properties": {
  					"Area": { "type": "string"},
  					"Location": { "type": "string"},
  					"Latitude": { "type": "number"},
  					"Longitude": { "type": "number"}
  				},
  				"required": [
  					"Area",
  					"Location",
  					"Latitude",
  					"Longitude"
  				]
  			}
  		]
  	},
      "TemporalDefinition": {
  		"$schema": "http://json-schema.org/draft-04/schema#",
  		"type": "array",
  		"items": [
  			{
  				"type": "object",
  				"properties": {
  					"Period": { "type": "string"},
  					"StartDay": { "type": "number"},
  					"StartMonth": { "type": "number"},
  					"StartYear": { "type": "number"}
  				},
  				"required": [
  					"Period",
  					"StartDay",
  					"StartMonth"
  				]
  			}
  		]
  	},
      "WeightConversionTable": {
  		"$schema": "http://json-schema.org/draft-04/schema#",
  		"type": "array",
  		"items": [
  			{
  				"type": "object",
  				"properties": {
  					"Description": { "type": "string"},
  					"Species": { "type": "string"},
  					"ProductType": { "type": "string"},
  					"WeightFactor": { "type": "number"}
  				},
  				"required": [
  					"Description",
  					"Species",
  					"ProductType",
					"WeightFactor"
  				]
  			}
  		]
  	},
      "LengthConversionTable": {
  		"$schema": "http://json-schema.org/draft-04/schema#",
  		"type": "array",
  		"items": [
  			{
  				"type": "object",
  				"properties": {
  					"Description": { "type": "string"},
  					"Species": { "type": "string"},
  					"MeasurementType": { "type": "string"},
  					"Alpha": { "type": "number"},
  					"Beta": { "type": "number"}
  				},
  				"required": [
  					"Description",
  					"Species",
  					"MeasurementType",
					  "Alpha",
					  "Beta"
  				]
  			}
  		]
  	}
}
