<?xml version="1.0" encoding="utf-8"?>
<project xmlns="http://www.imr.no/formats/stox/v3" template="str1234" description="str1234" lastmodified="2012-12-13T12:12:12" rstoxversion="str1234" stoxversion="str1234" rversion="str1234">
  <baselinemodel>
    <baselineprocess processname="str1234">
      <functionname>str1234</functionname>
      <processparameters>
        <enabled>true</enabled>
        <breakingui>true</breakingui>
        <fileoutput>true</fileoutput>
      </processparameters>
      <functioninput dataparameter="str1234" inputprocessname="str1234" />
      <functionparameter paramtypename="character" name="str1234">str1234</functionparameter>
      <output>NMDEchoSounderData1</output>
      <processdata>
        <bioticassignment>
          <stationweight assignmentid="str1234" station="str1234">str1234</stationweight>
        </bioticassignment>
        <suassignment>
          <assignmentid sampleunit="str1234" estlayer="str1234">str1234</assignmentid>
        </suassignment>
        <assignmentresolution>
          <value variable="str1234">str1234</value>
        </assignmentresolution>
        <edsupsu>
          <psu edsu="str1234">str1234</psu>
        </edsupsu>
        <psustratum>
          <stratum psu="str1234">str1234</stratum>
        </psustratum>
        <stratumpolygon>
          <value polygonkey="str1234" polygonvariable="includeintotal">str1234</value>
        </stratumpolygon>
        <temporal>
          <value covariatesourcetype="str1234" covariate="str1234">str1234</value>
        </temporal>
        <gearfactor>
          <value covariatesourcetype="str1234" covariate="str1234">str1234</value>
        </gearfactor>
        <spatial>
          <value covariatesourcetype="str1234" covariate="str1234">str1234</value>
        </spatial>
        <platformfactor>
          <value covariatesourcetype="str1234" covariate="str1234">str1234</value>
        </platformfactor>
        <covparam>
          <value covariatetable="str1234" parameter="CovariateType">str1234</value>
        </covparam>
        <ageerror>
          <probability readage="str1234" realage="str1234">str1234</probability>
        </ageerror>
        <stratumneighbour>
          <value variable="str1234">str1234</value>
        </stratumneighbour>
      </processdata>
    </baselineprocess>
  </baselinemodel>
  <statistics>
    <process processname="str1234">
      <functionname>str1234</functionname>
      <processparameters>
        <enabled>true</enabled>
        <breakingui>true</breakingui>
        <fileoutput>true</fileoutput>
      </processparameters>
      <functioninput dataparameter="str1234" inputprocessname="str1234" />
      <functionparameter paramtypename="character" name="str1234">str1234</functionparameter>
      <output>NMDEchoSounderData1</output>
    </process>
  </statistics>
  <report>
    <process processname="str1234">
      <functionname>str1234</functionname>
      <processparameters>
        <enabled>true</enabled>
        <breakingui>true</breakingui>
        <fileoutput>true</fileoutput>
      </processparameters>
      <functioninput dataparameter="str1234" inputprocessname="str1234" />
      <functionparameter paramtypename="character" name="str1234">str1234</functionparameter>
      <output>NMDEchoSounderData1</output>
    </process>
  </report>
  <rstoxdependencies>
    <rlibrary library="str1234" version="str1234" />
  </rstoxdependencies>
</project>