<?xml version="1.0" encoding="utf-8"?>
<projects>
  <project template="str1234" lastmodified="str1234" rstoxversion="str1234" stoxversion="str1234" rversion="str1234" resourceversion="str1234" version="str1234">
    <meta>
      <description>str1234</description>
      <surveyTimeseriesName>str1234</surveyTimeseriesName>
    </meta>
    <model name="str1234">
      <process name="str1234">
        <function>str1234</function>
        <enabled>true</enabled>
        <respondingui>true</respondingui>
        <breakingui>true</breakingui>
        <fileoutput>true</fileoutput>
        <parameter name="str1234">str1234</parameter>
        <output>str1234</output>
      </process>
    </model>
    <processdata>
      <bioticassignment>
        <stationweight assignmentid="str1234" station="str1234">str1234</stationweight>
      </bioticassignment>
      <suassignment>
        <assignmentid sampleunit="str1234" estlayer="str1234">str1234</assignmentid>
      </suassignment>
      <assignmentresolution>
        <value variable="str1234">str1234</value>
      </assignmentresolution>
      <edsupsu>
        <psu edsu="str1234">str1234</psu>
      </edsupsu>
      <psustratum>
        <stratum psu="str1234">str1234</stratum>
      </psustratum>
      <stratumpolygon>
        <value polygonkey="str1234" polygonvariable="str1234">str1234</value>
      </stratumpolygon>
      <temporal>
        <value covariatesourcetype="str1234" covariate="str1234">str1234</value>
      </temporal>
      <gearfactor>
        <value covariatesourcetype="str1234" covariate="str1234">str1234</value>
      </gearfactor>
      <spatial>
        <value covariatesourcetype="str1234" covariate="str1234">str1234</value>
      </spatial>
      <ageerror>
        <probability readage="str1234" realage="str1234">str1234</probability>
      </ageerror>
      <stratumneighbour>
        <value variable="str1234">str1234</value>
      </stratumneighbour>
    </processdata>
  </project>
</projects>