{
      "AreaPosition": {
  		"$schema": "http://json-schema.org/draft-04/schema#",
  		"type": "array",
  		"items": [
  			{
  				"type": "object",
  				"properties": {
  					"Area": { "type": "string"},
  					"Location": { "type": "string"},
  					"Latitude": { "type": "number"},
  					"Longitude": { "type": "number"}
  				},
  				"required": [
  					"Area",
  					"Location",
  					"Latitude",
  					"Longitude"
  				]
  			}
  		]
  	},
      "TemporalDefinition": {
  		"$schema": "http://json-schema.org/draft-04/schema#",
  		"type": "array",
  		"items": [
  			{
  				"type": "object",
  				"properties": {
  					"Period": { "type": "string"},
  					"StartDay": { "type": "number"},
  					"StartMonth": { "type": "number"},
  					"StartYear": { "type": "number"}
  				},
  				"required": [
  					"Period",
  					"StartDay",
  					"StartMonth"
  				]
  			}
  		]
  	},
      "WeightConversionTable": {
  		"$schema": "http://json-schema.org/draft-04/schema#",
  		"type": "array",
  		"items": [
  			{
  				"type": "object",
  				"properties": {
  					"Description": { "type": "string"},
  					"Species": { "type": "string"},
  					"ProductType": { "type": "string"},
  					"WeightFactor": { "type": "number"}
  				},
  				"required": [
  					"Description",
  					"Species",
  					"ProductType",
					"WeightFactor"
  				]
  			}
  		]
  	},
      "LengthConversionTable": {
  		"$schema": "http://json-schema.org/draft-04/schema#",
  		"type": "array",
  		"items": [
  			{
  				"type": "object",
  				"properties": {
  					"Description": { "type": "string"},
  					"Species": { "type": "string"},
  					"MeasurementType": { "type": "string"},
  					"Alpha": { "type": "number"},
  					"Beta": { "type": "number"}
  				},
  				"required": [
  					"Description",
  					"Species",
  					"MeasurementType",
					  "Alpha",
					  "Beta"
  				]
  			}
  		]
  	},
  	"CarNeighbours": {
  		"$schema": "http://json-schema.org/draft-04/schema#",
  		"type": "array",
  		"items": [
  			{
  				"type": "object",
  				"properties": {
  					"CarValues": { "type": "string"},
  					"Neighbours": { "type": "string"}
  				},
  				"required": [
  					"CarValues",
  					"Neighbours"
  				]
  			}
  		]
  	},
  	"StockSplittingParameters": {
  		"$schema": "http://json-schema.org/draft-04/schema#",
  		"type": "array",
  		"items": [
  			{
  				"type": "object",
  				"properties": {
  					"StockNameCC": { "type": "string"},
  					"StockNameS": { "type": "string"},
  					"ProbabilityType1As1": { "type": "number"},
  					"ProbabilityType5As1": { "type": "number"},
  					"ProbabilityType2As2": { "type": "number"},
  					"ProbabilityType4As2": { "type": "number"},
  					"ProbabilityType2As4": { "type": "number"},
  					"ProbabilityType4As4": { "type": "number"},
  					"ProbabilityType1As5": { "type": "number"},
  					"ProbabilityType5As5": { "type": "number"}
  				},
  				"required": [
  					"StockNameCC",
  					"StockNameS",
  					"ProbabilityType1As1",
            "ProbabilityType5As1",
            "ProbabilityType2As2",
            "ProbabilityType4As2",
            "ProbabilityType2As4",
            "ProbabilityType4As4",
            "ProbabilityType1As5",
            "ProbabilityType5As5"
  				]
  			}
  		]
  	},
  	"AgeErrorMatrix": {
  		"$schema": "http://json-schema.org/draft-04/schema#",
  		"type": "array"
  	},
  	"StratumPolygon": {
		"$schema": "https://json-schema.org/draft/2020-12/schema",
		"$id": "https://geojson.org/schema/FeatureCollection.json",
		"title": "GeoJSON FeatureCollection",
		"type": "object",
		"required": [
			"type",
			"features"
		],
		"properties": {
			"type": {
				"type": "string",
				"enum": [
					"FeatureCollection"
				]
			},
			"features": {
				"type": "array",
				"items": {
					"title": "GeoJSON Feature",
					"type": "object",
					"required": [
						"type",
						"properties",
						"geometry"
					],
					"properties": {
						"type": {
							"type": "string",
							"enum": [
								"Feature"
							]
						},
						"properties": {
							"oneOf": [
								{
									"type": "null"
								},
								{
									"type": "object"
								}
							]
						},
						"geometry": {
							"oneOf": [
								{
									"type": "null"
								},
								{
									"title": "GeoJSON Polygon",
									"type": "object",
									"required": [
										"type",
										"coordinates"
									],
									"properties": {
										"type": {
											"type": "string",
											"enum": [
												"Polygon"
											]
										},
										"coordinates": {
											"type": "array",
											"items": {
												"type": "array",
												"minItems": 4,
												"items": {
													"type": "array",
													"minItems": 2,
													"items": {
														"type": "number"
													}
												}
											}
										},
										"bbox": {
											"type": "array",
											"minItems": 4,
											"items": {
												"type": "number"
											}
										}
									}
								},
								{
									"title": "GeoJSON MultiPolygon",
									"type": "object",
									"required": [
										"type",
										"coordinates"
									],
									"properties": {
										"type": {
											"type": "string",
											"enum": [
												"MultiPolygon"
											]
										},
										"coordinates": {
											"type": "array",
											"items": {
												"type": "array",
												"items": {
													"type": "array",
													"minItems": 4,
													"items": {
														"type": "array",
														"minItems": 2,
														"items": {
															"type": "number"
														}
													}
												}
											}
										},
										"bbox": {
											"type": "array",
											"minItems": 4,
											"items": {
												"type": "number"
											}
										}
									}
								},
								{
									"title": "GeoJSON GeometryCollection",
									"type": "object",
									"required": [
										"type",
										"geometries"
									],
									"properties": {
										"type": {
											"type": "string",
											"enum": [
												"GeometryCollection"
											]
										},
										"geometries": {
											"type": "array",
											"items": {
												"oneOf": [
													{
														"title": "GeoJSON Polygon",
														"type": "object",
														"required": [
															"type",
															"coordinates"
														],
														"properties": {
															"type": {
																"type": "string",
																"enum": [
																	"Polygon"
																]
															},
															"coordinates": {
																"type": "array",
																"items": {
																	"type": "array",
																	"minItems": 4,
																	"items": {
																		"type": "array",
																		"minItems": 2,
																		"items": {
																			"type": "number"
																		}
																	}
																}
															},
															"bbox": {
																"type": "array",
																"minItems": 4,
																"items": {
																	"type": "number"
																}
															}
														}
													},
													{
														"title": "GeoJSON MultiPolygon",
														"type": "object",
														"required": [
															"type",
															"coordinates"
														],
														"properties": {
															"type": {
																"type": "string",
																"enum": [
																	"MultiPolygon"
																]
															},
															"coordinates": {
																"type": "array",
																"items": {
																	"type": "array",
																	"items": {
																		"type": "array",
																		"minItems": 4,
																		"items": {
																			"type": "array",
																			"minItems": 2,
																			"items": {
																				"type": "number"
																			}
																		}
																	}
																}
															},
															"bbox": {
																"type": "array",
																"minItems": 4,
																"items": {
																	"type": "number"
																}
															}
														}
													}
												]
											}
										},
										"bbox": {
											"type": "array",
											"minItems": 4,
											"items": {
												"type": "number"
											}
										}
									}
								}
							]
						},
						"bbox": {
							"type": "array",
							"minItems": 4,
							"items": {
								"type": "number"
							}
						}
					}
				}
			},
			"bbox": {
				"type": "array",
				"minItems": 4,
				"items": {
					"type": "number"
				}
			}
		}
	}
}
