{
    "$schema": "http://json-schema.org/draft-04/schema#",
    "title": "project",
    "type": "object",
    "properties": {
        "template": {
                "type": "string"
            }, 
        "RstoxFrameworkVersion": {
                "type": "string"
            },
        "timeSaved": {
                "type": "string"
            }, 
        "RVersion": {
                "type": "string"
            }, 
        "models": {
            "type": "object",
            "properties": {
                "baseline": {
                    "$ref": "#/model"
                }, 
                "analysis": {
                    "$ref": "#/model"
                }, 
                "report": {
                    "$ref": "#/model"
                }
            }
        }
    }, 
    
    
    "model": {
        "type": "array",
        "items": {
            "$ref": "#/process"
        }
    },
    
    
    "process": {
        "type": "object",
        "properties": {
            "processName": {
                "type": "string"
            },
            "functionName": {
                "type": "string"
            },
            "functionParameters": {},
            "functionInputs": {
                "type": "object",
                "patternProperties": {
                    "^.*$": {
                        "oneOf": [
                            {
                                "type": "string"
                            }
                        ]
                    }
                },
                "additionalProperties": false
            },
            "processParameters": {
                "type": "object",
                "properties": {
                    "enabled": {
                        "type": "boolean"
                    },
                    "showInMap": {
                        "type": "boolean"
                    },
                    "fileOutput": {
                        "type": "boolean"
                    }
                },
                "required": [
                    "enabled",
                    "showInMap",
                    "fileOutput"
                ]
            },
            "processData": {
                "$ref": "#/processData"
            }
        },
        "required": [
            "functionInputs",
            "functionName",
            "functionParameters",
            "processData",
            "processName",
            "processParameters"
        ]
    }    
    
}