{
      "AreaPosition": {
  		"$schema": "http://json-schema.org/draft-04/schema#",
  		"type": "array",
  		"items": [
  			{
  				"type": "object",
  				"properties": {
  					"Area": { "type": "string"},
  					"Location": { "type": "string"},
  					"Latitude": { "type": "number"},
  					"Longitude": { "type": "number"}
  				},
  				"required": [
  					"Area",
  					"Location",
  					"Latitude",
  					"Longitude"
  				]
  			}
  		]
  	},
      "TemporalDefinition": {
  		"$schema": "http://json-schema.org/draft-04/schema#",
  		"type": "array",
  		"items": [
  			{
  				"type": "object",
  				"properties": {
  					"Period": { "type": "string"},
  					"StartDay": { "type": "number"},
  					"StartMonth": { "type": "number"},
  					"StartYear": { "type": "number"}
  				},
  				"required": [
  					"Period",
  					"StartDay",
  					"StartMonth"
  				]
  			}
  		]
  	},
      "WeightConversionTable": {
  		"$schema": "http://json-schema.org/draft-04/schema#",
  		"type": "array",
  		"items": [
  			{
  				"type": "object",
  				"properties": {
  					"Description": { "type": "string"},
  					"Species": { "type": "string"},
  					"ProductType": { "type": "string"},
  					"WeightFactor": { "type": "number"}
  				},
  				"required": [
  					"Description",
  					"Species",
  					"ProductType",
					"WeightFactor"
  				]
  			}
  		]
  	},
      "LengthConversionTable": {
  		"$schema": "http://json-schema.org/draft-04/schema#",
  		"type": "array",
  		"items": [
  			{
  				"type": "object",
  				"properties": {
  					"Description": { "type": "string"},
  					"Species": { "type": "string"},
  					"MeasurementType": { "type": "string"},
  					"Alpha": { "type": "number"},
  					"Beta": { "type": "number"}
  				},
  				"required": [
  					"Description",
  					"Species",
  					"MeasurementType",
					  "Alpha",
					  "Beta"
  				]
  			}
  		]
  	},
  	"CarNeighbours": {
  		"$schema": "http://json-schema.org/draft-04/schema#",
  		"type": "array",
  		"items": [
  			{
  				"type": "object",
  				"properties": {
  					"CarValues": { "type": "string"},
  					"Neighbours": { "type": "string"}
  				},
  				"required": [
  					"CarValues",
  					"Neighbours"
  				]
  			}
  		]
  	},
  	"StockSplittingParameters": {
  		"$schema": "http://json-schema.org/draft-04/schema#",
  		"type": "array",
  		"items": [
  			{
  				"type": "object",
  				"properties": {
  					"StockNameCC": { "type": "string"},
  					"StockNameS": { "type": "string"},
  					"ProbabilityType1As1": { "type": "number"},
  					"ProbabilityType5As1": { "type": "number"},
  					"ProbabilityType2As2": { "type": "number"},
  					"ProbabilityType4As2": { "type": "number"},
  					"ProbabilityType2As4": { "type": "number"},
  					"ProbabilityType4As4": { "type": "number"},
  					"ProbabilityType1As5": { "type": "number"},
  					"ProbabilityType5As5": { "type": "number"}
  				},
  				"required": [
  					"StockNameCC",
  					"StockNameS",
  					"ProbabilityType1As1",
            "ProbabilityType5As1",
            "ProbabilityType2As2",
            "ProbabilityType4As2",
            "ProbabilityType2As4",
            "ProbabilityType4As4",
            "ProbabilityType1As5",
            "ProbabilityType5As5"
  				]
  			}
  		]
  	},
  	"AgeErrorMatrix": {
  		"$schema": "http://json-schema.org/draft-04/schema#",
  		"type": "array"
  	}
}
